commodity,year,price,n,growth,warm,cold,extreme,peak,warm_lag1,warm_lag2,phase
Cocoa,1961,0.47855833333333336,12,-0.20767636759372743,0.075,0.05000000000000001,0.0,0.3,0.15833333333333335,0.2916666666666667,Neutral/mixed
Cocoa,1962,0.45796666666666663,12,-0.04398171094354786,0.0,0.14166666666666666,0.0,0.0,0.075,0.15833333333333335,Neutral/mixed
Cocoa,1963,0.5523416666666666,12,0.18737041489038886,0.5583333333333333,0.03333333333333333,0.0,1.1,0.0,0.075,El Nino
Cocoa,1964,0.5057416666666666,12,-0.08814081741918389,0.14166666666666666,0.425,0.0,1.0,0.5583333333333333,0.0,Neutral/mixed
Cocoa,1965,0.36530833333333335,12,-0.32528425289156504,1.05,0.016666666666666666,0.125,2.0,0.14166666666666666,0.5583333333333333,El Nino
Cocoa,1966,0.5176333333333333,12,0.348525395065601,0.45,0.025000000000000005,0.0,1.5,1.05,0.14166666666666666,Neutral/mixed
Cocoa,1967,0.5981166666666667,12,0.14451868877540253,0.03333333333333333,0.11666666666666665,0.0,0.2,0.45,1.05,Neutral/mixed
Cocoa,1968,0.7208833333333334,12,0.18669148221175613,0.3499999999999999,0.09999999999999999,0.0,1.0,0.03333333333333333,0.45,Neutral/mixed
Cocoa,1969,0.8977166666666667,12,0.21937719066097836,0.6083333333333333,0.0,0.0,1.1,0.3499999999999999,0.03333333333333333,El Nino
Cocoa,1970,0.6750000000000002,12,-0.28514181168264063,0.09999999999999999,0.30833333333333335,0.0,0.5,0.6083333333333333,0.3499999999999999,Neutral/mixed
Cocoa,1971,0.538,12,-0.22685413071074556,0.0,0.5166666666666667,0.0,-0.2,0.09999999999999999,0.6083333333333333,La Nina
Cocoa,1972,0.644,12,0.17984016594256919,1.0166666666666666,0.016666666666666666,0.10833333333333334,2.0,0.0,0.09999999999999999,El Nino
Cocoa,1973,1.131,12,0.5631587500117667,0.3,0.9083333333333333,0.016666666666666663,1.7,1.0166666666666666,0.0,La Nina
Cocoa,1974,1.561,12,0.3222244443993116,0.0,0.65,0.0,-0.2,0.3,1.0166666666666666,La Nina
Cocoa,1975,1.246,12,-0.2253882211680336,0.0,0.6666666666666666,0.0,-0.1,0.0,0.3,La Nina
Cocoa,1976,2.04575,12,0.49582605006009267,0.4666666666666666,0.16666666666666666,0.0,1.1,0.0,0.0,Neutral/mixed
Cocoa,1977,3.7900666666666667,12,0.6166191386637923,0.6833333333333332,0.0,0.0,1.1,0.4666666666666666,0.0,El Nino
Cocoa,1978,3.4031583333333333,12,-0.10767968707904219,0.20833333333333334,0.13333333333333333,0.0,1.0,0.6833333333333332,0.4666666666666666,Neutral/mixed
Cocoa,1979,3.292833333333333,12,-0.0329555323068913,0.2916666666666667,0.0,0.0,0.6,0.20833333333333334,0.6833333333333332,Neutral/mixed
Cocoa,1980,2.6034916666666668,12,-0.23489489690692844,0.20833333333333334,0.03333333333333333,0.0,0.7,0.2916666666666667,0.20833333333333334,Neutral/mixed
Cocoa,1981,2.07955,12,-0.2247019686431091,0.0,0.18333333333333335,0.0,0.0,0.20833333333333334,0.2916666666666667,Neutral/mixed
Cocoa,1982,1.7356166666666668,12,-0.1807887464301512,1.0583333333333333,0.0,0.18333333333333335,2.4,0.0,0.20833333333333334,El Nino
Cocoa,1983,2.119866666666667,12,0.1999904159012832,0.75,0.31666666666666665,0.15,2.4,1.0583333333333333,0.0,El Nino
Cocoa,1984,2.3959916666666667,12,0.1224440086039269,0.0,0.5416666666666666,0.0,-0.2,0.75,1.0583333333333333,La Nina
Cocoa,1985,2.25445,12,-0.060891161461654186,0.0,0.4583333333333333,0.0,-0.1,0.0,0.75,Neutral/mixed
Cocoa,1986,2.0696166666666667,12,-0.08554263582338106,0.44166666666666665,0.08333333333333333,0.0,1.4,0.0,0.0,Neutral/mixed
Cocoa,1987,1.9942166666666665,12,-0.037112079995280656,1.1083333333333334,0.0,0.0,1.5,0.44166666666666665,0.0,El Nino
Cocoa,1988,1.5846,12,-0.2299193153989138,0.049999999999999996,1.2,0.0,0.5,1.1083333333333334,0.44166666666666665,La Nina
Cocoa,1989,1.2410333333333334,12,-0.24438764362816706,0.008333333333333333,0.6166666666666667,0.0,0.1,0.049999999999999996,1.1083333333333334,La Nina
Cocoa,1990,1.2666666666666666,12,0.020444412143392904,0.2833333333333333,0.0,0.0,0.4,0.008333333333333333,0.049999999999999996,Neutral/mixed
Cocoa,1991,1.1950583333333333,12,-0.05819377936726408,0.9,0.0,0.05833333333333333,2.0,0.2833333333333333,0.008333333333333333,El Nino
Cocoa,1992,1.0995666666666668,12,-0.08327883590108799,0.975,0.0,0.15833333333333335,2.1,0.9,0.2833333333333333,El Nino
Cocoa,1993,1.116925,12,0.01566321090083815,0.6583333333333333,0.0,0.0,1.1,0.975,0.9,El Nino
Cocoa,1994,1.3959666666666666,12,0.22300775261244557,0.6,0.0,0.0,1.3,0.6583333333333333,0.975,El Nino
Cocoa,1995,1.432425,12,0.025781685906028917,0.24166666666666667,0.4166666666666667,0.0,1.2,0.6,0.6583333333333333,Neutral/mixed
Cocoa,1996,1.4555666666666667,12,0.016026474214346165,0.0,0.3666666666666667,0.0,-0.2,0.24166666666666667,0.6,Neutral/mixed
Cocoa,1997,1.6187333333333334,12,0.10624866397287347,1.2416666666666667,0.016666666666666666,0.26666666666666666,2.3,0.0,0.24166666666666667,El Nino
Cocoa,1998,1.6763833333333336,12,0.034994744677871836,0.5,0.6833333333333332,0.07500000000000001,2.1,1.2416666666666667,0.0,El Nino
Cocoa,1999,1.1353166666666665,12,-0.38972708159215963,0.0,1.0833333333333333,0.0,-0.8,0.5,1.2416666666666667,La Nina
Cocoa,2000,0.9057916666666667,12,-0.22585756136102642,0.0,0.7583333333333333,0.0,-0.3,0.0,0.5,La Nina
Cocoa,2001,1.0687333333333333,12,0.16542009447823008,0.0,0.2916666666666667,0.0,0.0,0.0,0.0,Neutral/mixed
Cocoa,2002,1.7778583333333333,12,0.508935309771655,0.5583333333333333,0.016666666666666666,0.0,1.3,0.0,0.0,El Nino
Cocoa,2003,1.7508771666666665,12,-0.015292555924173667,0.21666666666666667,0.05833333333333333,0.0,0.9,0.5583333333333333,0.0,Neutral/mixed
Cocoa,2004,1.5498486147891668,12,-0.12195964216942723,0.425,0.0,0.0,0.7,0.21666666666666667,0.5583333333333333,Neutral/mixed
Cocoa,2005,1.53811959058,12,-0.007596633018701782,0.15,0.1416666666666667,0.0,0.5,0.425,0.21666666666666667,Neutral/mixed
Cocoa,2006,1.5919022374283334,12,0.03436905162137971,0.3,0.26666666666666666,0.0,0.9,0.15,0.425,Neutral/mixed
Cocoa,2007,1.9522691552791667,12,0.2040626885251165,0.06666666666666667,0.6583333333333333,0.0,0.6,0.3,0.15,La Nina
Cocoa,2008,2.5771163235291668,12,0.2776787043668817,0.0,0.7999999999999999,0.0,-0.2,0.06666666666666667,0.3,La Nina
Cocoa,2009,2.888750329666667,12,0.11415292694926138,0.43333333333333335,0.25,0.0,1.5,0.0,0.06666666666666667,Neutral/mixed
Cocoa,2010,3.1330038538333334,12,0.08116824531964784,0.27499999999999997,0.8583333333333334,0.0,1.4,0.43333333333333335,0.0,La Nina
Cocoa,2011,2.980076713166667,12,-0.050043199187611576,0.0,0.7916666666666666,0.0,-0.3,0.27499999999999997,0.43333333333333335,La Nina
Cocoa,2012,2.39186905303,12,-0.21987395198601611,0.10833333333333334,0.24166666666666667,0.0,0.4,0.0,0.27499999999999997,Neutral/mixed
Cocoa,2013,2.4388466720775,12,0.019450161307477565,0.0,0.4166666666666667,0.0,-0.2,0.10833333333333334,0.0,Neutral/mixed
Cocoa,2014,3.0622399999999996,12,0.22762142212681014,0.15833333333333333,0.09166666666666667,0.0,0.6,0.0,0.10833333333333334,Neutral/mixed
Cocoa,2015,3.135045,12,0.02349685374122501,1.2750000000000001,0.0,0.19166666666666665,2.3,0.15833333333333333,0.0,El Nino
Cocoa,2016,2.8907616666666667,12,-0.08112350816854863,0.5,0.47500000000000003,0.07500000000000001,2.1,1.2750000000000001,0.15833333333333333,El Nino
Cocoa,2017,2.0294108333333334,12,-0.3537744988365077,0.0,0.4583333333333333,0.0,0.0,0.5,1.2750000000000001,Neutral/mixed
Cocoa,2018,2.2937683333333334,12,0.12245050447888528,0.2416666666666667,0.3333333333333333,0.0,0.8,0.0,0.5,Neutral/mixed
Cocoa,2019,2.3408216666666664,12,0.020305981812987817,0.30833333333333335,0.008333333333333333,0.0,0.7,0.2416666666666667,0.0,Neutral/mixed
Cocoa,2020,2.3698641666666664,12,0.012330632526125762,0.016666666666666666,0.7166666666666667,0.0,0.1,0.30833333333333335,0.2416666666666667,La Nina
Cocoa,2021,2.4265316666666665,12,0.023630300263049686,0.0,0.9666666666666667,0.0,-0.6,0.016666666666666666,0.30833333333333335,La Nina
Cocoa,2022,2.3929791666666667,12,-0.013923837184407484,0.0,1.0833333333333333,0.0,-0.9,0.0,0.016666666666666666,La Nina
Cocoa,2023,3.280666666666667,12,0.3155075508352412,0.5583333333333333,0.19999999999999998,0.0,1.4,0.0,0.0,El Nino
Cocoa,2024,7.329645833333333,12,0.8038805435385514,0.19166666666666668,0.43333333333333335,0.0,1.1,0.5583333333333333,0.0,Neutral/mixed
Coconut oil,1961,253.41666666666666,12,-0.2090359556809478,0.075,0.05000000000000001,0.0,0.3,0.15833333333333335,0.2916666666666667,Neutral/mixed
Coconut oil,1962,251.21666666666667,12,-0.008719257300935368,0.0,0.14166666666666666,0.0,0.0,0.075,0.15833333333333335,Neutral/mixed
Coconut oil,1963,286.3333333333333,12,0.13084085272771695,0.5583333333333333,0.03333333333333333,0.0,1.1,0.0,0.075,El Nino
Coconut oil,1964,296.47499999999997,12,0.034806264534712916,0.14166666666666666,0.425,0.0,1.0,0.5583333333333333,0.0,Neutral/mixed
Coconut oil,1965,350.1333333333334,12,0.1663511364696184,1.05,0.016666666666666666,0.125,2.0,0.14166666666666666,0.5583333333333333,El Nino
Coconut oil,1966,323.7083333333333,12,-0.07847112971800208,0.45,0.025000000000000005,0.0,1.5,1.05,0.14166666666666666,Neutral/mixed
Coconut oil,1967,326.35833333333335,12,0.008153055110096119,0.03333333333333333,0.11666666666666665,0.0,0.2,0.45,1.05,Neutral/mixed
Coconut oil,1968,399.26666666666665,12,0.20163357144968153,0.3499999999999999,0.09999999999999999,0.0,1.0,0.03333333333333333,0.45,Neutral/mixed
Coconut oil,1969,361.26666666666665,12,-0.1000131566983482,0.6083333333333333,0.0,0.0,1.1,0.3499999999999999,0.03333333333333333,El Nino
Coconut oil,1970,397.18333333333334,12,0.09478159643735928,0.09999999999999999,0.30833333333333335,0.0,0.5,0.6083333333333333,0.3499999999999999,Neutral/mixed
Coconut oil,1971,365.52666666666664,12,-0.08305873495651461,0.0,0.5166666666666667,0.0,-0.2,0.09999999999999999,0.6083333333333333,La Nina
Coconut oil,1972,234.06000000000003,12,-0.4457617431981289,1.0166666666666666,0.016666666666666666,0.10833333333333334,2.0,0.0,0.09999999999999999,El Nino
Coconut oil,1973,513.0,12,0.7846983524241491,0.3,0.9083333333333333,0.016666666666666663,1.7,1.0166666666666666,0.0,La Nina
Coconut oil,1974,997.5833333333334,12,0.6650598422926004,0.0,0.65,0.0,-0.2,0.3,1.0166666666666666,La Nina
Coconut oil,1975,393.5,12,-0.930254619605912,0.0,0.6666666666666666,0.0,-0.1,0.0,0.3,La Nina
Coconut oil,1976,418.5,12,0.06159582207207226,0.4666666666666666,0.16666666666666666,0.0,1.1,0.0,0.0,Neutral/mixed
Coconut oil,1977,578.1666666666666,12,0.3231852878121648,0.6833333333333332,0.0,0.0,1.1,0.4666666666666666,0.0,El Nino
Coconut oil,1978,683.2083333333334,12,0.16693766216022787,0.20833333333333334,0.13333333333333333,0.0,1.0,0.6833333333333332,0.4666666666666666,Neutral/mixed
Coconut oil,1979,984.5,12,0.3653340581772575,0.2916666666666667,0.0,0.0,0.6,0.20833333333333334,0.6833333333333332,Neutral/mixed
Coconut oil,1980,673.8333333333334,12,-0.3791510976664645,0.20833333333333334,0.03333333333333333,0.0,0.7,0.2916666666666667,0.20833333333333334,Neutral/mixed
Coconut oil,1981,569.9166666666666,12,-0.16749264910261985,0.0,0.18333333333333335,0.0,0.0,0.20833333333333334,0.2916666666666667,Neutral/mixed
Coconut oil,1982,464.4166666666667,12,-0.20470801352855972,1.0583333333333333,0.0,0.18333333333333335,2.4,0.0,0.20833333333333334,El Nino
Coconut oil,1983,729.875,12,0.4520911488221655,0.75,0.31666666666666665,0.15,2.4,1.0583333333333333,0.0,El Nino
Coconut oil,1984,1154.5833333333333,12,0.45862152090537656,0.0,0.5416666666666666,0.0,-0.2,0.75,1.0583333333333333,La Nina
Coconut oil,1985,590.1666666666666,12,-0.6710898246252297,0.0,0.4583333333333333,0.0,-0.1,0.0,0.75,Neutral/mixed
Coconut oil,1986,296.5,12,-0.6883577644460681,0.44166666666666665,0.08333333333333333,0.0,1.4,0.0,0.0,Neutral/mixed
Coconut oil,1987,442.25,12,0.39982811460211387,1.1083333333333334,0.0,0.0,1.5,0.44166666666666665,0.0,El Nino
Coconut oil,1988,564.8333333333334,12,0.24465536933910226,0.049999999999999996,1.2,0.0,0.5,1.1083333333333334,0.44166666666666665,La Nina
Coconut oil,1989,516.8333333333334,12,-0.0888102525066028,0.008333333333333333,0.6166666666666667,0.0,0.1,0.049999999999999996,1.1083333333333334,La Nina
Coconut oil,1990,336.5,12,-0.42912230078761127,0.2833333333333333,0.0,0.0,0.4,0.008333333333333333,0.049999999999999996,Neutral/mixed
Coconut oil,1991,433.0,12,0.2521395789177072,0.9,0.0,0.05833333333333333,2.0,0.2833333333333333,0.008333333333333333,El Nino
Coconut oil,1992,577.5833333333334,12,0.28811500412749513,0.975,0.0,0.15833333333333335,2.1,0.9,0.2833333333333333,El Nino
Coconut oil,1993,450.25,12,-0.24904974807391955,0.6583333333333333,0.0,0.0,1.1,0.975,0.9,El Nino
Coconut oil,1994,607.5,12,0.2995491911586381,0.6,0.0,0.0,1.3,0.6583333333333333,0.975,El Nino
Coconut oil,1995,669.5833333333334,12,0.09730345316890965,0.24166666666666667,0.4166666666666667,0.0,1.2,0.6,0.6583333333333333,Neutral/mixed
Coconut oil,1996,751.5833333333334,12,0.11552646399409472,0.0,0.3666666666666667,0.0,-0.2,0.24166666666666667,0.6,Neutral/mixed
Coconut oil,1997,656.8333333333334,12,-0.13475178441075908,1.2416666666666667,0.016666666666666666,0.26666666666666666,2.3,0.0,0.24166666666666667,El Nino
Coconut oil,1998,657.9166666666666,12,0.0016479689347930204,0.5,0.6833333333333332,0.07500000000000001,2.1,1.2416666666666667,0.0,El Nino
Coconut oil,1999,737.0833333333334,12,0.11362267990414399,0.0,1.0833333333333333,0.0,-0.8,0.5,1.2416666666666667,La Nina
Coconut oil,2000,450.3333333333333,12,-0.4927129075137966,0.0,0.7583333333333333,0.0,-0.3,0.0,0.5,La Nina
Coconut oil,2001,318.0833333333333,12,-0.3476746463348599,0.0,0.2916666666666667,0.0,0.0,0.0,0.0,Neutral/mixed
Coconut oil,2002,421.0,12,0.280319430725152,0.5583333333333333,0.016666666666666666,0.0,1.3,0.0,0.0,El Nino
Coconut oil,2003,467.3333333333333,12,0.10440994524404434,0.21666666666666667,0.05833333333333333,0.0,0.9,0.5583333333333333,0.0,Neutral/mixed
Coconut oil,2004,660.75,12,0.34633277455797273,0.425,0.0,0.0,0.7,0.21666666666666667,0.5583333333333333,Neutral/mixed
Coconut oil,2005,616.9791666666666,12,-0.068540295681224,0.15,0.1416666666666667,0.0,0.5,0.425,0.21666666666666667,Neutral/mixed
Coconut oil,2006,606.9097222222225,12,-0.016455205609987367,0.3,0.26666666666666666,0.0,0.9,0.15,0.425,Neutral/mixed
Coconut oil,2007,918.875,12,0.41477004350106483,0.06666666666666667,0.6583333333333333,0.0,0.6,0.3,0.15,La Nina
Coconut oil,2008,1224.0,12,0.2867293673780198,0.0,0.7999999999999999,0.0,-0.2,0.06666666666666667,0.3,La Nina
Coconut oil,2009,725.375,12,-0.5231907005614991,0.43333333333333335,0.25,0.0,1.5,0.0,0.06666666666666667,Neutral/mixed
Coconut oil,2010,1123.5833333333333,12,0.437589499335302,0.27499999999999997,0.8583333333333334,0.0,1.4,0.43333333333333335,0.0,La Nina
Coconut oil,2011,1730.0833333333333,12,0.4316465940424745,0.0,0.7916666666666666,0.0,-0.3,0.27499999999999997,0.43333333333333335,La Nina
Coconut oil,2012,1110.8333333333333,12,-0.4430590925037947,0.10833333333333334,0.24166666666666667,0.0,0.4,0.0,0.27499999999999997,Neutral/mixed
Coconut oil,2013,939.4691666666666,12,-0.16755076394507373,0.0,0.4166666666666667,0.0,-0.2,0.10833333333333334,0.0,Neutral/mixed
Coconut oil,2014,1281.1241666666667,12,0.3101782272418703,0.15833333333333333,0.09166666666666667,0.0,0.6,0.0,0.10833333333333334,Neutral/mixed
Coconut oil,2015,1103.5116666666665,12,-0.14924042861956277,1.2750000000000001,0.0,0.19166666666666665,2.3,0.15833333333333333,0.0,El Nino
Coconut oil,2016,1481.7766666666666,12,0.29474429918211165,0.5,0.47500000000000003,0.07500000000000001,2.1,1.2750000000000001,0.15833333333333333,El Nino
Coconut oil,2017,1650.6499999999999,12,0.10792733147071498,0.0,0.4583333333333333,0.0,0.0,0.5,1.2750000000000001,Neutral/mixed
Coconut oil,2018,996.77,12,-0.5044043774427154,0.2416666666666667,0.3333333333333333,0.0,0.8,0.0,0.5,Neutral/mixed
Coconut oil,2019,735.6508333333333,12,-0.3037644563437194,0.30833333333333335,0.008333333333333333,0.0,0.7,0.2416666666666667,0.0,Neutral/mixed
Coconut oil,2020,1010.4037141479876,12,0.31734965201958154,0.016666666666666666,0.7166666666666667,0.0,0.1,0.30833333333333335,0.2416666666666667,La Nina
Coconut oil,2021,1636.3133333333335,12,0.4820957759187232,0.0,0.9666666666666667,0.0,-0.6,0.016666666666666666,0.30833333333333335,La Nina
Coconut oil,2022,1634.6375,12,-0.0010246766554153908,0.0,1.0833333333333333,0.0,-0.9,0.0,0.016666666666666666,La Nina
Coconut oil,2023,1075.1850000000002,12,-0.4189283274325559,0.5583333333333333,0.19999999999999998,0.0,1.4,0.0,0.0,El Nino
Coconut oil,2024,1518.658869288516,12,0.3453348827491993,0.19166666666666668,0.43333333333333335,0.0,1.1,0.5583333333333333,0.0,Neutral/mixed
"Coffee, Robusta",1961,0.6694358083333333,12,-0.038836407421505514,0.075,0.05000000000000001,0.0,0.3,0.15833333333333335,0.2916666666666667,Neutral/mixed
"Coffee, Robusta",1962,0.6822039333333333,12,0.01889335510355572,0.0,0.14166666666666666,0.0,0.0,0.075,0.15833333333333335,Neutral/mixed
"Coffee, Robusta",1963,0.6235072833333334,12,-0.08996818920756061,0.5583333333333333,0.03333333333333333,0.0,1.1,0.0,0.075,El Nino
"Coffee, Robusta",1964,0.7870679416666667,12,0.23295412821564407,0.14166666666666666,0.425,0.0,1.0,0.5583333333333333,0.0,Neutral/mixed
"Coffee, Robusta",1965,0.678254075,12,-0.14879261500602978,1.05,0.016666666666666666,0.125,2.0,0.14166666666666666,0.5583333333333333,El Nino
"Coffee, Robusta",1966,0.7391369,12,0.08596119449967482,0.45,0.025000000000000005,0.0,1.5,1.05,0.14166666666666666,Neutral/mixed
"Coffee, Robusta",1967,0.7391185333333333,12,-2.4849110990543544e-05,0.03333333333333333,0.11666666666666665,0.0,0.2,0.45,1.05,Neutral/mixed
"Coffee, Robusta",1968,0.7463017750000001,12,0.009671737515839496,0.3499999999999999,0.09999999999999999,0.0,1.0,0.03333333333333333,0.45,Neutral/mixed
"Coffee, Robusta",1969,0.729730775,12,-0.022454377785997348,0.6083333333333333,0.0,0.0,1.1,0.3499999999999999,0.03333333333333333,El Nino
"Coffee, Robusta",1970,0.913555075,12,0.22466799934511222,0.09999999999999999,0.30833333333333335,0.0,0.5,0.6083333333333333,0.3499999999999999,Neutral/mixed
"Coffee, Robusta",1971,0.9315774083333332,12,0.01953562322881669,0.0,0.5166666666666667,0.0,-0.2,0.09999999999999999,0.6083333333333333,La Nina
"Coffee, Robusta",1972,0.996079375,12,0.06694766086176623,1.0166666666666666,0.016666666666666666,0.10833333333333334,2.0,0.0,0.09999999999999999,El Nino
"Coffee, Robusta",1973,1.0998595,12,0.09911077517159345,0.3,0.9083333333333333,0.016666666666666663,1.7,1.0166666666666666,0.0,La Nina
"Coffee, Robusta",1974,1.2935493333333332,12,0.1622074169579067,0.0,0.65,0.0,-0.2,0.3,1.0166666666666666,La Nina
"Coffee, Robusta",1975,1.3458526666666666,12,0.03963790377088078,0.0,0.6666666666666666,0.0,-0.1,0.0,0.3,La Nina
"Coffee, Robusta",1976,2.813397666666667,12,0.7373651218743194,0.4666666666666666,0.16666666666666666,0.0,1.1,0.0,0.0,Neutral/mixed
"Coffee, Robusta",1977,4.932852083333334,12,0.5615244496910257,0.6833333333333332,0.0,0.0,1.1,0.4666666666666666,0.0,El Nino
"Coffee, Robusta",1978,3.2512418333333333,12,-0.41688031074475274,0.20833333333333334,0.13333333333333333,0.0,1.0,0.6833333333333332,0.4666666666666666,Neutral/mixed
"Coffee, Robusta",1979,3.651941666666666,12,0.11622196369915727,0.2916666666666667,0.0,0.0,0.6,0.20833333333333334,0.6833333333333332,Neutral/mixed
"Coffee, Robusta",1980,3.2432166666666666,12,-0.11869335396250946,0.20833333333333334,0.03333333333333333,0.0,0.7,0.2916666666666667,0.20833333333333334,Neutral/mixed
"Coffee, Robusta",1981,2.2402166666666665,12,-0.3699930482800542,0.0,0.18333333333333335,0.0,0.0,0.20833333333333334,0.2916666666666667,Neutral/mixed
"Coffee, Robusta",1982,2.42365,12,0.07870208096321729,1.0583333333333333,0.0,0.18333333333333335,2.4,0.0,0.20833333333333334,El Nino
"Coffee, Robusta",1983,2.7316416666666665,12,0.11962810322093498,0.75,0.31666666666666665,0.15,2.4,1.0583333333333333,0.0,El Nino
"Coffee, Robusta",1984,3.0367833333333336,12,0.10589606962128295,0.0,0.5416666666666666,0.0,-0.2,0.75,1.0583333333333333,La Nina
"Coffee, Robusta",1985,2.648633333333333,12,-0.13675505748847883,0.0,0.4583333333333333,0.0,-0.1,0.0,0.75,Neutral/mixed
"Coffee, Robusta",1986,3.2447583333333334,12,0.2029970901370064,0.44166666666666665,0.08333333333333333,0.0,1.4,0.0,0.0,Neutral/mixed
"Coffee, Robusta",1987,2.2483416666666667,12,-0.3668479663997487,1.1083333333333334,0.0,0.0,1.5,0.44166666666666665,0.0,El Nino
"Coffee, Robusta",1988,2.0791833333333334,12,-0.07821771902449903,0.049999999999999996,1.2,0.0,0.5,1.1083333333333334,0.44166666666666665,La Nina
"Coffee, Robusta",1989,1.6556166666666667,12,-0.22780164072385023,0.008333333333333333,0.6166666666666667,0.0,0.1,0.049999999999999996,1.1083333333333334,La Nina
"Coffee, Robusta",1990,1.181725,12,-0.33719831228481445,0.2833333333333333,0.0,0.0,0.4,0.008333333333333333,0.049999999999999996,Neutral/mixed
"Coffee, Robusta",1991,1.071925,12,-0.0975191378862584,0.9,0.0,0.05833333333333333,2.0,0.2833333333333333,0.008333333333333333,El Nino
"Coffee, Robusta",1992,0.940425,12,-0.13087947575196607,0.975,0.0,0.15833333333333335,2.1,0.9,0.2833333333333333,El Nino
"Coffee, Robusta",1993,1.157375,12,0.20757788802350002,0.6583333333333333,0.0,0.0,1.1,0.975,0.9,El Nino
"Coffee, Robusta",1994,2.619683333333333,12,0.8168989355422025,0.6,0.0,0.0,1.3,0.6583333333333333,0.975,El Nino
"Coffee, Robusta",1995,2.7707083333333333,12,0.0560495581860192,0.24166666666666667,0.4166666666666667,0.0,1.2,0.6,0.6583333333333333,Neutral/mixed
"Coffee, Robusta",1996,1.8059416666666668,12,-0.42802084878275204,0.0,0.3666666666666667,0.0,-0.2,0.24166666666666667,0.6,Neutral/mixed
"Coffee, Robusta",1997,1.7360749999999998,12,-0.03945533666162104,1.2416666666666667,0.016666666666666666,0.26666666666666666,2.3,0.0,0.24166666666666667,El Nino
"Coffee, Robusta",1998,1.8225833333333334,12,0.048628090522492284,0.5,0.6833333333333332,0.07500000000000001,2.1,1.2416666666666667,0.0,El Nino
"Coffee, Robusta",1999,1.4887583333333332,12,-0.2023124693836248,0.0,1.0833333333333333,0.0,-0.8,0.5,1.2416666666666667,La Nina
"Coffee, Robusta",2000,0.9130250000000001,12,-0.48893445571454797,0.0,0.7583333333333333,0.0,-0.3,0.0,0.5,La Nina
"Coffee, Robusta",2001,0.607175,12,-0.4079462098380941,0.0,0.2916666666666667,0.0,0.0,0.0,0.0,Neutral/mixed
"Coffee, Robusta",2002,0.6617833333333333,12,0.08612115869006126,0.5583333333333333,0.016666666666666666,0.0,1.3,0.0,0.0,El Nino
"Coffee, Robusta",2003,0.8144968499999999,12,0.2076323493029599,0.21666666666666667,0.05833333333333333,0.0,0.9,0.5583333333333333,0.0,Neutral/mixed
"Coffee, Robusta",2004,0.7930385576666666,12,-0.02669871764802037,0.425,0.0,0.0,0.7,0.21666666666666667,0.5583333333333333,Neutral/mixed
"Coffee, Robusta",2005,1.1145088973333335,12,0.34029729306185585,0.15,0.1416666666666667,0.0,0.5,0.425,0.21666666666666667,Neutral/mixed
"Coffee, Robusta",2006,1.4893126691666667,12,0.289900860603398,0.3,0.26666666666666666,0.0,0.9,0.15,0.425,Neutral/mixed
"Coffee, Robusta",2007,1.9091825481666669,12,0.2483604475272534,0.06666666666666667,0.6583333333333333,0.0,0.6,0.3,0.15,La Nina
"Coffee, Robusta",2008,2.320913705,12,0.19528578131266028,0.0,0.7999999999999999,0.0,-0.2,0.06666666666666667,0.3,La Nina
"Coffee, Robusta",2009,1.6441615036000001,12,-0.3447304164978708,0.43333333333333335,0.25,0.0,1.5,0.0,0.06666666666666667,Neutral/mixed
"Coffee, Robusta",2010,1.7359361598333332,12,0.054316311263967354,0.27499999999999997,0.8583333333333334,0.0,1.4,0.43333333333333335,0.0,La Nina
"Coffee, Robusta",2011,2.4075920146666667,12,0.3270802426942875,0.0,0.7916666666666666,0.0,-0.3,0.27499999999999997,0.43333333333333335,La Nina
"Coffee, Robusta",2012,2.2668286252175,12,-0.06024531070350514,0.10833333333333334,0.24166666666666667,0.0,0.4,0.0,0.27499999999999997,Neutral/mixed
"Coffee, Robusta",2013,2.0758544659808336,12,-0.08800891350897377,0.0,0.4166666666666667,0.0,-0.2,0.10833333333333334,0.0,Neutral/mixed
"Coffee, Robusta",2014,2.2164514606666668,12,0.06553461611880385,0.15833333333333333,0.09166666666666667,0.0,0.6,0.0,0.10833333333333334,Neutral/mixed
"Coffee, Robusta",2015,1.9411679099999999,12,-0.13261766847248546,1.2750000000000001,0.0,0.19166666666666665,2.3,0.15833333333333333,0.0,El Nino
"Coffee, Robusta",2016,1.9531279735,12,0.006142368972930412,0.5,0.47500000000000003,0.07500000000000001,2.1,1.2750000000000001,0.15833333333333333,El Nino
"Coffee, Robusta",2017,2.225527146333333,12,0.13056163088406736,0.0,0.4583333333333333,0.0,0.0,0.5,1.2750000000000001,Neutral/mixed
"Coffee, Robusta",2018,1.8692605543333334,12,-0.17445088008251353,0.2416666666666667,0.3333333333333333,0.0,0.8,0.0,0.5,Neutral/mixed
"Coffee, Robusta",2019,1.6217735875,12,-0.14202256969620392,0.30833333333333335,0.008333333333333333,0.0,0.7,0.2416666666666667,0.0,Neutral/mixed
"Coffee, Robusta",2020,1.5158783401666664,12,-0.06752532402858036,0.016666666666666666,0.7166666666666667,0.0,0.1,0.30833333333333335,0.2416666666666667,La Nina
"Coffee, Robusta",2021,1.9811817630000002,12,0.26769848321208295,0.0,0.9666666666666667,0.0,-0.6,0.016666666666666666,0.30833333333333335,La Nina
"Coffee, Robusta",2022,2.2851070018333335,12,0.1427193345232649,0.0,1.0833333333333333,0.0,-0.9,0.0,0.016666666666666666,La Nina
"Coffee, Robusta",2023,2.6268231018333332,12,0.13936231877820315,0.5583333333333333,0.19999999999999998,0.0,1.4,0.0,0.0,El Nino
"Coffee, Robusta",2024,4.414292254166667,12,0.5190723464099275,0.19166666666666668,0.43333333333333335,0.0,1.1,0.5583333333333333,0.0,Neutral/mixed
Maize,1961,44.95666666666667,12,0.010209873688461713,0.075,0.05000000000000001,0.0,0.3,0.15833333333333335,0.2916666666666667,Neutral/mixed
Maize,1962,48.653333333333336,12,0.07902126003948107,0.0,0.14166666666666666,0.0,0.0,0.075,0.15833333333333335,Neutral/mixed
Maize,1963,53.770833333333336,12,0.10001086591058561,0.5583333333333333,0.03333333333333333,0.0,1.1,0.0,0.075,El Nino
Maize,1964,54.63166666666666,12,0.015882501399275828,0.14166666666666666,0.425,0.0,1.0,0.5583333333333333,0.0,Neutral/mixed
Maize,1965,55.67249999999999,12,0.018872618467675295,1.05,0.016666666666666666,0.125,2.0,0.14166666666666666,0.5583333333333333,El Nino
Maize,1966,58.29666666666666,12,0.046058607515315764,0.45,0.025000000000000005,0.0,1.5,1.05,0.14166666666666666,Neutral/mixed
Maize,1967,54.1025,12,-0.07466452068734952,0.03333333333333333,0.11666666666666665,0.0,0.2,0.45,1.05,Neutral/mixed
Maize,1968,47.96333333333334,12,-0.12044356539842394,0.3499999999999999,0.09999999999999999,0.0,1.0,0.03333333333333333,0.45,Neutral/mixed
Maize,1969,52.28666666666666,12,0.08630456900919414,0.6083333333333333,0.0,0.0,1.1,0.3499999999999999,0.03333333333333333,El Nino
Maize,1970,58.4,12,0.11057449071777059,0.09999999999999999,0.30833333333333335,0.0,0.5,0.6083333333333333,0.3499999999999999,Neutral/mixed
Maize,1971,58.4,12,0.0,0.0,0.5166666666666667,0.0,-0.2,0.09999999999999999,0.6083333333333333,La Nina
Maize,1972,55.7525,12,-0.04639363745004488,1.0166666666666666,0.016666666666666666,0.10833333333333334,2.0,0.0,0.09999999999999999,El Nino
Maize,1973,97.82166666666666,12,0.5622238406791134,0.3,0.9083333333333333,0.016666666666666663,1.7,1.0166666666666666,0.0,La Nina
Maize,1974,131.22583333333333,12,0.29377366447090214,0.0,0.65,0.0,-0.2,0.3,1.0166666666666666,La Nina
Maize,1975,119.63499999999999,12,-0.09247431668851114,0.0,0.6666666666666666,0.0,-0.1,0.0,0.3,La Nina
Maize,1976,112.37166666666667,12,-0.06263361108186061,0.4666666666666666,0.16666666666666666,0.0,1.1,0.0,0.0,Neutral/mixed
Maize,1977,95.35000000000001,12,-0.16425749771735187,0.6833333333333332,0.0,0.0,1.1,0.4666666666666666,0.0,El Nino
Maize,1978,100.7425,12,0.05501342432209899,0.20833333333333334,0.13333333333333333,0.0,1.0,0.6833333333333332,0.4666666666666666,Neutral/mixed
Maize,1979,115.5225,12,0.13689755981605778,0.2916666666666667,0.0,0.0,0.6,0.20833333333333334,0.6833333333333332,Neutral/mixed
Maize,1980,125.2625,12,0.08094621919986267,0.20833333333333334,0.03333333333333333,0.0,0.7,0.2916666666666667,0.20833333333333334,Neutral/mixed
Maize,1981,130.78083333333333,12,0.043111358752645934,0.0,0.18333333333333335,0.0,0.0,0.20833333333333334,0.2916666666666667,Neutral/mixed
Maize,1982,109.2625,12,-0.17976965023048752,1.0583333333333333,0.0,0.18333333333333335,2.4,0.0,0.20833333333333334,El Nino
Maize,1983,136.01666666666668,12,0.21902418334053575,0.75,0.31666666666666665,0.15,2.4,1.0583333333333333,0.0,El Nino
Maize,1984,135.9425,12,-0.000545425031369895,0.0,0.5416666666666666,0.0,-0.2,0.75,1.0583333333333333,La Nina
Maize,1985,112.23333333333333,12,-0.19165196471685242,0.0,0.4583333333333333,0.0,-0.1,0.0,0.75,Neutral/mixed
Maize,1986,87.55833333333334,12,-0.24827479959219012,0.44166666666666665,0.08333333333333333,0.0,1.4,0.0,0.0,Neutral/mixed
Maize,1987,75.69666666666667,12,-0.14557111189826166,1.1083333333333334,0.0,0.0,1.5,0.44166666666666665,0.0,El Nino
Maize,1988,106.89083333333333,12,0.34507393842375134,0.049999999999999996,1.2,0.0,0.5,1.1083333333333334,0.44166666666666665,La Nina
Maize,1989,111.52416666666666,12,0.04243324438801199,0.008333333333333333,0.6166666666666667,0.0,0.1,0.049999999999999996,1.1083333333333334,La Nina
Maize,1990,109.27583333333332,12,-0.020366042079950297,0.2833333333333333,0.0,0.0,0.4,0.008333333333333333,0.049999999999999996,Neutral/mixed
Maize,1991,107.42,12,-0.01712888226296716,0.9,0.0,0.05833333333333333,2.0,0.2833333333333333,0.008333333333333333,El Nino
Maize,1992,104.24583333333334,12,-0.029994492622725133,0.975,0.0,0.15833333333333335,2.1,0.9,0.2833333333333333,El Nino
Maize,1993,102.08999999999999,12,-0.02089711467366495,0.6583333333333333,0.0,0.0,1.1,0.975,0.9,El Nino
Maize,1994,107.55,12,0.052101078532815315,0.6,0.0,0.0,1.3,0.6583333333333333,0.975,El Nino
Maize,1995,123.4875,12,0.1381840806568535,0.24166666666666667,0.4166666666666667,0.0,1.2,0.6,0.6583333333333333,Neutral/mixed
Maize,1996,165.80916666666667,12,0.294697592297279,0.0,0.3666666666666667,0.0,-0.2,0.24166666666666667,0.6,Neutral/mixed
Maize,1997,117.09166666666665,12,-0.3478804248435772,1.2416666666666667,0.016666666666666666,0.26666666666666666,2.3,0.0,0.24166666666666667,El Nino
Maize,1998,101.98666666666666,12,-0.1381150180387385,0.5,0.6833333333333332,0.07500000000000001,2.1,1.2416666666666667,0.0,El Nino
Maize,1999,90.21666666666665,12,-0.12262790121067901,0.0,1.0833333333333333,0.0,-0.8,0.5,1.2416666666666667,La Nina
Maize,2000,88.53416666666668,12,-0.018825643034404038,0.0,0.7583333333333333,0.0,-0.3,0.0,0.5,La Nina
Maize,2001,89.64083333333333,12,0.01242240379408166,0.0,0.2916666666666667,0.0,0.0,0.0,0.0,Neutral/mixed
Maize,2002,99.27083333333333,12,0.10204085984585731,0.5583333333333333,0.016666666666666666,0.0,1.3,0.0,0.0,El Nino
Maize,2003,105.37007583333333,12,0.05962688011695061,0.21666666666666667,0.05833333333333333,0.0,0.9,0.5583333333333333,0.0,Neutral/mixed
Maize,2004,111.80347966666666,12,0.05926399897030166,0.425,0.0,0.0,0.7,0.21666666666666667,0.5583333333333333,Neutral/mixed
Maize,2005,98.67179116666667,12,-0.12494358246041859,0.15,0.1416666666666667,0.0,0.5,0.425,0.21666666666666667,Neutral/mixed
Maize,2006,121.85101775,12,0.21100003071164863,0.3,0.26666666666666666,0.0,0.9,0.15,0.425,Neutral/mixed
Maize,2007,163.66491446666666,12,0.29502200064389505,0.06666666666666667,0.6583333333333333,0.0,0.6,0.3,0.15,La Nina
Maize,2008,223.11682773333334,12,0.30987439229512237,0.0,0.7999999999999999,0.0,-0.2,0.06666666666666667,0.3,La Nina
Maize,2009,165.50963333333334,12,-0.2986661248826161,0.43333333333333335,0.25,0.0,1.5,0.0,0.06666666666666667,Neutral/mixed
Maize,2010,185.91420833333333,12,0.11625592121175732,0.27499999999999997,0.8583333333333334,0.0,1.4,0.43333333333333335,0.0,La Nina
Maize,2011,291.68407333333334,12,0.45038595412167215,0.0,0.7916666666666666,0.0,-0.3,0.27499999999999997,0.43333333333333335,La Nina
Maize,2012,298.41696413768085,12,0.02282044113231141,0.10833333333333334,0.24166666666666667,0.0,0.4,0.0,0.27499999999999997,Neutral/mixed
Maize,2013,259.38922323787915,12,-0.14016199097976845,0.0,0.4166666666666667,0.0,-0.2,0.10833333333333334,0.0,Neutral/mixed
Maize,2014,192.88121953333334,12,-0.2962551694515314,0.15833333333333333,0.09166666666666667,0.0,0.6,0.0,0.10833333333333334,Neutral/mixed
Maize,2015,169.75022306666668,12,-0.12774647608244738,1.2750000000000001,0.0,0.19166666666666665,2.3,0.15833333333333333,0.0,El Nino
Maize,2016,159.1608872,12,-0.06441252071920633,0.5,0.47500000000000003,0.07500000000000001,2.1,1.2750000000000001,0.15833333333333333,El Nino
Maize,2017,154.53153846666666,12,-0.029517351832145877,0.0,0.4583333333333333,0.0,0.0,0.5,1.2750000000000001,Neutral/mixed
Maize,2018,164.4145468,12,0.061992754916563086,0.2416666666666667,0.3333333333333333,0.0,0.8,0.0,0.5,Neutral/mixed
Maize,2019,170.07008806666667,12,0.03381967193768176,0.30833333333333335,0.008333333333333333,0.0,0.7,0.2416666666666667,0.0,Neutral/mixed
Maize,2020,165.46600046666666,12,-0.02744489636450176,0.016666666666666666,0.7166666666666667,0.0,0.1,0.30833333333333335,0.2416666666666667,La Nina
Maize,2021,259.54567977893333,12,0.4501669786254272,0.0,0.9666666666666667,0.0,-0.6,0.016666666666666666,0.30833333333333335,La Nina
Maize,2022,318.80665693333333,12,0.2056521108281899,0.0,1.0833333333333333,0.0,-0.9,0.0,0.016666666666666666,La Nina
Maize,2023,252.65528515370417,12,-0.23255877752543164,0.5583333333333333,0.19999999999999998,0.0,1.4,0.0,0.0,El Nino
Maize,2024,190.60477617364998,12,-0.2818240008641686,0.19166666666666668,0.43333333333333335,0.0,1.1,0.5583333333333333,0.0,Neutral/mixed
Palm oil,1961,228.41666666666666,12,0.01766700349118633,0.075,0.05000000000000001,0.0,0.3,0.15833333333333335,0.2916666666666667,Neutral/mixed
Palm oil,1962,216.23583333333332,12,-0.054801813446012204,0.0,0.14166666666666666,0.0,0.0,0.075,0.15833333333333335,Neutral/mixed
Palm oil,1963,222.39333333333335,12,0.028077952839179687,0.5583333333333333,0.03333333333333333,0.0,1.1,0.0,0.075,El Nino
Palm oil,1964,239.45250000000001,12,0.07390748141918912,0.14166666666666666,0.425,0.0,1.0,0.5583333333333333,0.0,Neutral/mixed
Palm oil,1965,272.5216666666667,12,0.12936305431871276,1.05,0.016666666666666666,0.125,2.0,0.14166666666666666,0.5583333333333333,El Nino
Palm oil,1966,235.64,12,-0.1454129049923676,0.45,0.025000000000000005,0.0,1.5,1.05,0.14166666666666666,Neutral/mixed
Palm oil,1967,223.45083333333332,12,-0.05311381188588893,0.03333333333333333,0.11666666666666665,0.0,0.2,0.45,1.05,Neutral/mixed
Palm oil,1968,168.83083333333335,12,-0.28029417735906925,0.3499999999999999,0.09999999999999999,0.0,1.0,0.03333333333333333,0.45,Neutral/mixed
Palm oil,1969,181.11416666666665,12,0.07023036007938721,0.6083333333333333,0.0,0.0,1.1,0.3499999999999999,0.03333333333333333,El Nino
Palm oil,1970,260.04583333333335,12,0.3617303100430389,0.09999999999999999,0.30833333333333335,0.0,0.5,0.6083333333333333,0.3499999999999999,Neutral/mixed
Palm oil,1971,260.94166666666666,12,0.0034389854506038375,0.0,0.5166666666666667,0.0,-0.2,0.09999999999999999,0.6083333333333333,La Nina
Palm oil,1972,217.25833333333333,12,-0.1832097613055108,1.0166666666666666,0.016666666666666666,0.10833333333333334,2.0,0.0,0.09999999999999999,El Nino
Palm oil,1973,377.53833333333336,12,0.5525849871115245,0.3,0.9083333333333333,0.016666666666666663,1.7,1.0166666666666666,0.0,La Nina
Palm oil,1974,669.0533333333333,12,0.5721916691396896,0.0,0.65,0.0,-0.2,0.3,1.0166666666666666,La Nina
Palm oil,1975,434.1691666666666,12,-0.4324295348270386,0.0,0.6666666666666666,0.0,-0.1,0.0,0.3,La Nina
Palm oil,1976,406.53416666666664,12,-0.06576626680392383,0.4666666666666666,0.16666666666666666,0.0,1.1,0.0,0.0,Neutral/mixed
Palm oil,1977,530.025,12,0.26525619894872854,0.6833333333333332,0.0,0.0,1.1,0.4666666666666666,0.0,El Nino
Palm oil,1978,600.3333333333334,12,0.12456088126281806,0.20833333333333334,0.13333333333333333,0.0,1.0,0.6833333333333332,0.4666666666666666,Neutral/mixed
Palm oil,1979,653.8333333333334,12,0.0853674204736512,0.2916666666666667,0.0,0.0,0.6,0.20833333333333334,0.6833333333333332,Neutral/mixed
Palm oil,1980,583.6916666666667,12,-0.11347960161400028,0.20833333333333334,0.03333333333333333,0.0,0.7,0.2916666666666667,0.20833333333333334,Neutral/mixed
Palm oil,1981,570.6666666666666,12,-0.022567607333919604,0.0,0.18333333333333335,0.0,0.0,0.20833333333333334,0.2916666666666667,Neutral/mixed
Palm oil,1982,445.0833333333333,12,-0.2485437374818078,1.0583333333333333,0.0,0.18333333333333335,2.4,0.0,0.20833333333333334,El Nino
Palm oil,1983,501.425,12,0.11919251432034095,0.75,0.31666666666666665,0.15,2.4,1.0583333333333333,0.0,El Nino
Palm oil,1984,728.8333333333334,12,0.37399103731275485,0.0,0.5416666666666666,0.0,-0.2,0.75,1.0583333333333333,La Nina
Palm oil,1985,500.5833333333333,12,-0.3756709971227039,0.0,0.4583333333333333,0.0,-0.1,0.0,0.75,Neutral/mixed
Palm oil,1986,257.0,12,-0.6666980001669414,0.44166666666666665,0.08333333333333333,0.0,1.4,0.0,0.0,Neutral/mixed
Palm oil,1987,342.5833333333333,12,0.2874388522146578,1.1083333333333334,0.0,0.0,1.5,0.44166666666666665,0.0,El Nino
Palm oil,1988,437.1666666666667,12,0.24379957352894088,0.049999999999999996,1.2,0.0,0.5,1.1083333333333334,0.44166666666666665,La Nina
Palm oil,1989,350.4166666666667,12,-0.2211915880197708,0.008333333333333333,0.6166666666666667,0.0,0.1,0.049999999999999996,1.1083333333333334,La Nina
Palm oil,1990,289.75,12,-0.19010444039918717,0.2833333333333333,0.0,0.0,0.4,0.008333333333333333,0.049999999999999996,Neutral/mixed
Palm oil,1991,339.0,12,0.1569816251605891,0.9,0.0,0.05833333333333333,2.0,0.2833333333333333,0.008333333333333333,El Nino
Palm oil,1992,393.5,12,0.1490809604770078,0.975,0.0,0.15833333333333335,2.1,0.9,0.2833333333333333,El Nino
Palm oil,1993,377.75,12,-0.04084846670460873,0.6583333333333333,0.0,0.0,1.1,0.975,0.9,El Nino
Palm oil,1994,528.4166666666666,12,0.3356525127591823,0.6,0.0,0.0,1.3,0.6583333333333333,0.975,El Nino
Palm oil,1995,628.25,12,0.17305306251166996,0.24166666666666667,0.4166666666666667,0.0,1.2,0.6,0.6583333333333333,Neutral/mixed
Palm oil,1996,530.9166666666666,12,-0.16833310409521385,0.0,0.3666666666666667,0.0,-0.2,0.24166666666666667,0.6,Neutral/mixed
Palm oil,1997,545.8333333333334,12,0.027708606512810263,1.2416666666666667,0.016666666666666666,0.26666666666666666,2.3,0.0,0.24166666666666667,El Nino
Palm oil,1998,671.0833333333334,12,0.206579643166247,0.5,0.6833333333333332,0.07500000000000001,2.1,1.2416666666666667,0.0,El Nino
Palm oil,1999,436.0,12,-0.4312510786585104,0.0,1.0833333333333333,0.0,-0.8,0.5,1.2416666666666667,La Nina
Palm oil,2000,310.25,12,-0.3402638192643179,0.0,0.7583333333333333,0.0,-0.3,0.0,0.5,La Nina
Palm oil,2001,287.4583333333333,12,-0.07630050188655346,0.0,0.2916666666666667,0.0,0.0,0.0,0.0,Neutral/mixed
Palm oil,2002,410.895,12,0.3572597852063595,0.5583333333333333,0.016666666666666666,0.0,1.3,0.0,0.0,El Nino
Palm oil,2003,476.7033333333334,12,0.14855664729981566,0.21666666666666667,0.05833333333333333,0.0,0.9,0.5583333333333333,0.0,Neutral/mixed
Palm oil,2004,499.2808333333333,12,0.046274374990184164,0.425,0.0,0.0,0.7,0.21666666666666667,0.5583333333333333,Neutral/mixed
Palm oil,2005,450.5641666666667,12,-0.10266822845671264,0.15,0.1416666666666667,0.0,0.5,0.425,0.21666666666666667,Neutral/mixed
Palm oil,2006,508.2991666666667,12,0.12056968376193566,0.3,0.26666666666666666,0.0,0.9,0.15,0.425,Neutral/mixed
Palm oil,2007,816.6866666666666,12,0.47418531936696606,0.06666666666666667,0.6583333333333333,0.0,0.6,0.3,0.15,La Nina
Palm oil,2008,1042.9233333333334,12,0.2445274420199368,0.0,0.7999999999999999,0.0,-0.2,0.06666666666666667,0.3,La Nina
Palm oil,2009,741.1458333333334,12,-0.34158553433648553,0.43333333333333335,0.25,0.0,1.5,0.0,0.06666666666666667,Neutral/mixed
Palm oil,2010,933.0233333333332,12,0.2302327974162246,0.27499999999999997,0.8583333333333334,0.0,1.4,0.43333333333333335,0.0,La Nina
Palm oil,2011,1193.3700000000001,12,0.24610630704519032,0.0,0.7916666666666666,0.0,-0.3,0.27499999999999997,0.43333333333333335,La Nina
Palm oil,2012,1043.3975,12,-0.13429902193918952,0.10833333333333334,0.24166666666666667,0.0,0.4,0.0,0.27499999999999997,Neutral/mixed
Palm oil,2013,870.7258333333333,12,-0.18091033956346614,0.0,0.4166666666666667,0.0,-0.2,0.10833333333333334,0.0,Neutral/mixed
Palm oil,2014,837.4691666666666,12,-0.03894270790782084,0.15833333333333333,0.09166666666666667,0.0,0.6,0.0,0.10833333333333334,Neutral/mixed
Palm oil,2015,663.3908333333333,12,-0.23302013839037716,1.2750000000000001,0.0,0.19166666666666665,2.3,0.15833333333333333,0.0,El Nino
Palm oil,2016,735.7033333333334,12,0.10346264904954516,0.5,0.47500000000000003,0.07500000000000001,2.1,1.2750000000000001,0.15833333333333333,El Nino
Palm oil,2017,750.8133333333334,12,0.020330105629419393,0.0,0.4583333333333333,0.0,0.0,0.5,1.2750000000000001,Neutral/mixed
Palm oil,2018,638.6558333333334,12,-0.1617913560925679,0.2416666666666667,0.3333333333333333,0.0,0.8,0.0,0.5,Neutral/mixed
Palm oil,2019,601.3666666666667,12,-0.0601608645064724,0.30833333333333335,0.008333333333333333,0.0,0.7,0.2416666666666667,0.0,Neutral/mixed
Palm oil,2020,751.7661576212475,12,0.2232204721908726,0.016666666666666666,0.7166666666666667,0.0,0.1,0.30833333333333335,0.2416666666666667,La Nina
Palm oil,2021,1130.5766666666666,12,0.40805779103738615,0.0,0.9666666666666667,0.0,-0.6,0.016666666666666666,0.30833333333333335,La Nina
Palm oil,2022,1275.9916666666666,12,0.12099582703900591,0.0,1.0833333333333333,0.0,-0.9,0.0,0.016666666666666666,La Nina
Palm oil,2023,886.4533333333334,12,-0.36425045040322246,0.5583333333333333,0.19999999999999998,0.0,1.4,0.0,0.0,El Nino
Palm oil,2024,963.364999560185,12,0.08320388075918483,0.19166666666666668,0.43333333333333335,0.0,1.1,0.5583333333333333,0.0,Neutral/mixed
"Rice, Thai 5%",1961,118.95,12,0.10261647522406303,0.075,0.05000000000000001,0.0,0.3,0.15833333333333335,0.2916666666666667,Neutral/mixed
"Rice, Thai 5%",1962,134.92583333333332,12,0.12602200800743457,0.0,0.14166666666666666,0.0,0.0,0.075,0.15833333333333335,Neutral/mixed
"Rice, Thai 5%",1963,125.66333333333334,12,-0.07111887152723817,0.5583333333333333,0.03333333333333333,0.0,1.1,0.0,0.075,El Nino
"Rice, Thai 5%",1964,120.1475,12,-0.04488621858733843,0.14166666666666666,0.425,0.0,1.0,0.5583333333333333,0.0,Neutral/mixed
"Rice, Thai 5%",1965,118.78916666666667,12,-0.011369941545833484,1.05,0.016666666666666666,0.125,2.0,0.14166666666666666,0.5583333333333333,El Nino
"Rice, Thai 5%",1966,145.20250000000001,12,0.200779106777337,0.45,0.025000000000000005,0.0,1.5,1.05,0.14166666666666666,Neutral/mixed
"Rice, Thai 5%",1967,189.37333333333333,12,0.2655910554714902,0.03333333333333333,0.11666666666666665,0.0,0.2,0.45,1.05,Neutral/mixed
"Rice, Thai 5%",1968,182.91333333333333,12,-0.034707923024216214,0.3499999999999999,0.09999999999999999,0.0,1.0,0.03333333333333333,0.45,Neutral/mixed
"Rice, Thai 5%",1969,168.37083333333334,12,-0.08284356424618355,0.6083333333333333,0.0,0.0,1.1,0.3499999999999999,0.03333333333333333,El Nino
"Rice, Thai 5%",1970,126.30833333333334,12,-0.28744288042480726,0.09999999999999999,0.30833333333333335,0.0,0.5,0.6083333333333333,0.3499999999999999,Neutral/mixed
"Rice, Thai 5%",1971,111.53750000000001,12,-0.1243651504233414,0.0,0.5166666666666667,0.0,-0.2,0.09999999999999999,0.6083333333333333,La Nina
"Rice, Thai 5%",1972,129.44916666666666,12,0.14892741145860278,1.0166666666666666,0.016666666666666666,0.10833333333333334,2.0,0.0,0.09999999999999999,El Nino
"Rice, Thai 5%",1973,289.58,12,0.8051433286684029,0.3,0.9083333333333333,0.016666666666666663,1.7,1.0166666666666666,0.0,La Nina
"Rice, Thai 5%",1974,517.165,12,0.5799303751741354,0.0,0.65,0.0,-0.2,0.3,1.0166666666666666,La Nina
"Rice, Thai 5%",1975,341.42833333333334,12,-0.4152241740074807,0.0,0.6666666666666666,0.0,-0.1,0.0,0.3,La Nina
"Rice, Thai 5%",1976,234.68083333333334,12,-0.37491136353396914,0.4666666666666666,0.16666666666666666,0.0,1.1,0.0,0.0,Neutral/mixed
"Rice, Thai 5%",1977,252.225,12,0.07209511130848245,0.6833333333333332,0.0,0.0,1.1,0.4666666666666666,0.0,El Nino
"Rice, Thai 5%",1978,345.6575,12,0.3151268541111021,0.20833333333333334,0.13333333333333333,0.0,1.0,0.6833333333333332,0.4666666666666666,Neutral/mixed
"Rice, Thai 5%",1979,313.06916666666666,12,-0.09902425451211627,0.2916666666666667,0.0,0.0,0.6,0.20833333333333334,0.6833333333333332,Neutral/mixed
"Rice, Thai 5%",1980,410.7425,12,0.2715423515754445,0.20833333333333334,0.03333333333333333,0.0,0.7,0.2916666666666667,0.20833333333333334,Neutral/mixed
"Rice, Thai 5%",1981,458.9891666666667,12,0.11106011027973306,0.0,0.18333333333333335,0.0,0.0,0.20833333333333334,0.2916666666666667,Neutral/mixed
"Rice, Thai 5%",1982,272.4816666666666,12,-0.5214552741960556,1.0583333333333333,0.0,0.18333333333333335,2.4,0.0,0.20833333333333334,El Nino
"Rice, Thai 5%",1983,256.8025,12,-0.05926402658163976,0.75,0.31666666666666665,0.15,2.4,1.0583333333333333,0.0,El Nino
"Rice, Thai 5%",1984,232.4991666666667,12,-0.09942066617931378,0.0,0.5416666666666666,0.0,-0.2,0.75,1.0583333333333333,La Nina
"Rice, Thai 5%",1985,196.92916666666667,12,-0.16604253677851144,0.0,0.4583333333333333,0.0,-0.1,0.0,0.75,Neutral/mixed
"Rice, Thai 5%",1986,186.245,12,-0.055781092751351125,0.44166666666666665,0.08333333333333333,0.0,1.4,0.0,0.0,Neutral/mixed
"Rice, Thai 5%",1987,214.60833333333335,12,0.14175165011630675,1.1083333333333334,0.0,0.0,1.5,0.44166666666666665,0.0,El Nino
"Rice, Thai 5%",1988,277.47083333333336,12,0.25690116117941386,0.049999999999999996,1.2,0.0,0.5,1.1083333333333334,0.44166666666666665,La Nina
"Rice, Thai 5%",1989,299.16249999999997,12,0.07527108146327777,0.008333333333333333,0.6166666666666667,0.0,0.1,0.049999999999999996,1.1083333333333334,La Nina
"Rice, Thai 5%",1990,270.8541666666667,12,-0.09940635836645573,0.2833333333333333,0.0,0.0,0.4,0.008333333333333333,0.049999999999999996,Neutral/mixed
"Rice, Thai 5%",1991,293.27916666666664,12,0.07954439700736682,0.9,0.0,0.05833333333333333,2.0,0.2833333333333333,0.008333333333333333,El Nino
"Rice, Thai 5%",1992,268.22083333333336,12,-0.08931429648138245,0.975,0.0,0.15833333333333335,2.1,0.9,0.2833333333333333,El Nino
"Rice, Thai 5%",1993,235.4125,12,-0.13047135165939672,0.6583333333333333,0.0,0.0,1.1,0.975,0.9,El Nino
"Rice, Thai 5%",1994,267.59166666666664,12,0.12812289224183981,0.6,0.0,0.0,1.3,0.6583333333333333,0.975,El Nino
"Rice, Thai 5%",1995,320.9583333333333,12,0.1818491252423149,0.24166666666666667,0.4166666666666667,0.0,1.2,0.6,0.6583333333333333,Neutral/mixed
"Rice, Thai 5%",1996,338.875,12,0.05431999581380964,0.0,0.3666666666666667,0.0,-0.2,0.24166666666666667,0.6,Neutral/mixed
"Rice, Thai 5%",1997,303.51,12,-0.11021674893292044,1.2416666666666667,0.016666666666666666,0.26666666666666666,2.3,0.0,0.24166666666666667,El Nino
"Rice, Thai 5%",1998,304.15833333333336,12,0.0021338402670423307,0.5,0.6833333333333332,0.07500000000000001,2.1,1.2416666666666667,0.0,El Nino
"Rice, Thai 5%",1999,248.41666666666666,12,-0.20244095526288053,0.0,1.0833333333333333,0.0,-0.8,0.5,1.2416666666666667,La Nina
"Rice, Thai 5%",2000,202.39583333333334,12,-0.20488209298642168,0.0,0.7583333333333333,0.0,-0.3,0.0,0.5,La Nina
"Rice, Thai 5%",2001,172.83833333333334,12,-0.15786868271600074,0.0,0.2916666666666667,0.0,0.0,0.0,0.0,Neutral/mixed
"Rice, Thai 5%",2002,191.87333333333333,12,0.10447876390544675,0.5583333333333333,0.016666666666666666,0.0,1.3,0.0,0.0,El Nino
"Rice, Thai 5%",2003,197.61666666666667,12,0.029493695142874365,0.21666666666666667,0.05833333333333333,0.0,0.9,0.5583333333333333,0.0,Neutral/mixed
"Rice, Thai 5%",2004,237.66666666666666,12,0.18454000451021635,0.425,0.0,0.0,0.7,0.21666666666666667,0.5583333333333333,Neutral/mixed
"Rice, Thai 5%",2005,286.2708333333333,12,0.1860692006776974,0.15,0.1416666666666667,0.0,0.5,0.425,0.21666666666666667,Neutral/mixed
"Rice, Thai 5%",2006,304.87638888888915,12,0.06296807970293639,0.3,0.26666666666666666,0.0,0.9,0.15,0.425,Neutral/mixed
"Rice, Thai 5%",2007,326.431944444445,12,0.06831507518298974,0.06666666666666667,0.6583333333333333,0.0,0.6,0.3,0.15,La Nina
"Rice, Thai 5%",2008,650.1875,12,0.6890392955213045,0.0,0.7999999999999999,0.0,-0.2,0.06666666666666667,0.3,La Nina
"Rice, Thai 5%",2009,554.9930555555558,12,-0.15830518167547414,0.43333333333333335,0.25,0.0,1.5,0.0,0.06666666666666667,Neutral/mixed
"Rice, Thai 5%",2010,488.90694444444415,12,-0.12678342744928806,0.27499999999999997,0.8583333333333334,0.0,1.4,0.43333333333333335,0.0,La Nina
"Rice, Thai 5%",2011,543.0291666666667,12,0.10499085871997149,0.0,0.7916666666666666,0.0,-0.3,0.27499999999999997,0.43333333333333335,La Nina
"Rice, Thai 5%",2012,562.9833333333333,12,0.03608699195960874,0.10833333333333334,0.24166666666666667,0.0,0.4,0.0,0.27499999999999997,Neutral/mixed
"Rice, Thai 5%",2013,505.89166666666665,12,-0.1069274755173133,0.0,0.4166666666666667,0.0,-0.2,0.10833333333333334,0.0,Neutral/mixed
"Rice, Thai 5%",2014,422.8333333333333,12,-0.17934445849739156,0.15833333333333333,0.09166666666666667,0.0,0.6,0.0,0.10833333333333334,Neutral/mixed
"Rice, Thai 5%",2015,386.0,12,-0.09114072090639613,1.2750000000000001,0.0,0.19166666666666665,2.3,0.15833333333333333,0.0,El Nino
"Rice, Thai 5%",2016,396.1666666666667,12,0.025997628667307815,0.5,0.47500000000000003,0.07500000000000001,2.1,1.2750000000000001,0.15833333333333333,El Nino
"Rice, Thai 5%",2017,398.9166666666667,12,0.00691754147236967,0.0,0.4583333333333333,0.0,0.0,0.5,1.2750000000000001,Neutral/mixed
"Rice, Thai 5%",2018,420.6666666666667,12,0.053088214828540536,0.2416666666666667,0.3333333333333333,0.0,0.8,0.0,0.5,Neutral/mixed
"Rice, Thai 5%",2019,418.0,12,-0.006359321908292692,0.30833333333333335,0.008333333333333333,0.0,0.7,0.2416666666666667,0.0,Neutral/mixed
"Rice, Thai 5%",2020,496.75,12,0.17260544890717,0.016666666666666666,0.7166666666666667,0.0,0.1,0.30833333333333335,0.2416666666666667,La Nina
"Rice, Thai 5%",2021,458.25,12,-0.0806719947121115,0.0,0.9666666666666667,0.0,-0.6,0.016666666666666666,0.30833333333333335,La Nina
"Rice, Thai 5%",2022,436.75,12,-0.048053937705648586,0.0,1.0833333333333333,0.0,-0.9,0.0,0.016666666666666666,La Nina
"Rice, Thai 5%",2023,553.6666666666666,12,0.23720187193101872,0.5583333333333333,0.19999999999999998,0.0,1.4,0.0,0.0,El Nino
"Rice, Thai 5%",2024,588.4166666666666,12,0.06087249278316165,0.19166666666666668,0.43333333333333335,0.0,1.1,0.5583333333333333,0.0,Neutral/mixed
"Sugar, world",1961,0.05945,12,-0.1076707130519794,0.075,0.05000000000000001,0.0,0.3,0.15833333333333335,0.2916666666666667,Neutral/mixed
"Sugar, world",1962,0.06168333333333333,12,0.03687814702726433,0.0,0.14166666666666666,0.0,0.0,0.075,0.15833333333333335,Neutral/mixed
"Sugar, world",1963,0.18323333333333333,12,1.0887466160344497,0.5583333333333333,0.03333333333333333,0.0,1.1,0.0,0.075,El Nino
"Sugar, world",1964,0.126325,12,-0.3719024350205329,0.14166666666666666,0.425,0.0,1.0,0.5583333333333333,0.0,Neutral/mixed
"Sugar, world",1965,0.04421666666666666,12,-1.0497561592623335,1.05,0.016666666666666666,0.125,2.0,0.14166666666666666,0.5583333333333333,El Nino
"Sugar, world",1966,0.039808333333333334,12,-0.10502552130772269,0.45,0.025000000000000005,0.0,1.5,1.05,0.14166666666666666,Neutral/mixed
"Sugar, world",1967,0.042058333333333336,12,0.05498127295030031,0.03333333333333333,0.11666666666666665,0.0,0.2,0.45,1.05,Neutral/mixed
"Sugar, world",1968,0.04193333333333333,12,-0.0029764879599860627,0.3499999999999999,0.09999999999999999,0.0,1.0,0.03333333333333333,0.45,Neutral/mixed
"Sugar, world",1969,0.07059166666666666,12,0.5208310460512746,0.6083333333333333,0.0,0.0,1.1,0.3499999999999999,0.03333333333333333,El Nino
"Sugar, world",1970,0.08224166666666667,12,0.15274996574045652,0.09999999999999999,0.30833333333333335,0.0,0.5,0.6083333333333333,0.3499999999999999,Neutral/mixed
"Sugar, world",1971,0.09910000000000001,12,0.18646737394598079,0.0,0.5166666666666667,0.0,-0.2,0.09999999999999999,0.6083333333333333,La Nina
"Sugar, world",1972,0.160275,12,0.4807616485373789,1.0166666666666666,0.016666666666666666,0.10833333333333334,2.0,0.0,0.09999999999999999,El Nino
"Sugar, world",1973,0.20857499999999998,12,0.263407598914817,0.3,0.9083333333333333,0.016666666666666663,1.7,1.0166666666666666,0.0,La Nina
"Sugar, world",1974,0.6548166666666667,12,1.144056609449467,0.0,0.65,0.0,-0.2,0.3,1.0166666666666666,La Nina
"Sugar, world",1975,0.45109166666666667,12,-0.3726847273553024,0.0,0.6666666666666666,0.0,-0.1,0.0,0.3,La Nina
"Sugar, world",1976,0.254825,12,-0.5710935358278262,0.4666666666666666,0.16666666666666666,0.0,1.1,0.0,0.0,Neutral/mixed
"Sugar, world",1977,0.17893333333333336,12,-0.353563738065114,0.6833333333333332,0.0,0.0,1.1,0.4666666666666666,0.0,El Nino
"Sugar, world",1978,0.1723083333333333,12,-0.0377277893706387,0.20833333333333334,0.13333333333333333,0.0,1.0,0.6833333333333332,0.4666666666666666,Neutral/mixed
"Sugar, world",1979,0.21295,12,0.21177188875049868,0.2916666666666667,0.0,0.0,0.6,0.20833333333333334,0.6833333333333332,Neutral/mixed
"Sugar, world",1980,0.6316083333333333,12,1.0872120799298686,0.20833333333333334,0.03333333333333333,0.0,0.7,0.2916666666666667,0.20833333333333334,Neutral/mixed
"Sugar, world",1981,0.3740833333333333,12,-0.5237908873051594,0.0,0.18333333333333335,0.0,0.0,0.20833333333333334,0.2916666666666667,Neutral/mixed
"Sugar, world",1982,0.18564166666666668,12,-0.7006602967111037,1.0583333333333333,0.0,0.18333333333333335,2.4,0.0,0.20833333333333334,El Nino
"Sugar, world",1983,0.186725,12,0.005818653960302456,0.75,0.31666666666666665,0.15,2.4,1.0583333333333333,0.0,El Nino
"Sugar, world",1984,0.11466666666666665,12,-0.4876075775378421,0.0,0.5416666666666666,0.0,-0.2,0.75,1.0583333333333333,La Nina
"Sugar, world",1985,0.08946666666666668,12,-0.24816325227587122,0.0,0.4583333333333333,0.0,-0.1,0.0,0.75,Neutral/mixed
"Sugar, world",1986,0.133375,12,0.3992985931925004,0.44166666666666665,0.08333333333333333,0.0,1.4,0.0,0.0,Neutral/mixed
"Sugar, world",1987,0.14895833333333333,12,0.11050191515824492,1.1083333333333334,0.0,0.0,1.5,0.44166666666666665,0.0,El Nino
"Sugar, world",1988,0.22466666666666665,12,0.41095119746403475,0.049999999999999996,1.2,0.0,0.5,1.1083333333333334,0.44166666666666665,La Nina
"Sugar, world",1989,0.28205833333333336,12,0.22749608309416924,0.008333333333333333,0.6166666666666667,0.0,0.1,0.049999999999999996,1.1083333333333334,La Nina
"Sugar, world",1990,0.276675,12,-0.019270373187517453,0.2833333333333333,0.0,0.0,0.4,0.008333333333333333,0.049999999999999996,Neutral/mixed
"Sugar, world",1991,0.1975916666666667,12,-0.33664092046591754,0.9,0.0,0.05833333333333333,2.0,0.2833333333333333,0.008333333333333333,El Nino
"Sugar, world",1992,0.1995916666666667,12,0.010071001153869164,0.975,0.0,0.15833333333333335,2.1,0.9,0.2833333333333333,El Nino
"Sugar, world",1993,0.220975,12,0.1017759601082111,0.6583333333333333,0.0,0.0,1.1,0.975,0.9,El Nino
"Sugar, world",1994,0.26698333333333335,12,0.18913666153237108,0.6,0.0,0.0,1.3,0.6583333333333333,0.975,El Nino
"Sugar, world",1995,0.29278333333333334,12,0.09224662431189956,0.24166666666666667,0.4166666666666667,0.0,1.2,0.6,0.6583333333333333,Neutral/mixed
"Sugar, world",1996,0.263575,12,-0.10509490132826893,0.0,0.3666666666666667,0.0,-0.2,0.24166666666666667,0.6,Neutral/mixed
"Sugar, world",1997,0.25065,12,-0.05028041375350112,1.2416666666666667,0.016666666666666666,0.26666666666666666,2.3,0.0,0.24166666666666667,El Nino
"Sugar, world",1998,0.196725,12,-0.24225072928846525,0.5,0.6833333333333332,0.07500000000000001,2.1,1.2416666666666667,0.0,El Nino
"Sugar, world",1999,0.13809166666666667,12,-0.3538890985732992,0.0,1.0833333333333333,0.0,-0.8,0.5,1.2416666666666667,La Nina
"Sugar, world",2000,0.18035833333333331,12,0.26702789688473527,0.0,0.7583333333333333,0.0,-0.3,0.0,0.5,La Nina
"Sugar, world",2001,0.19039166666666665,12,0.054137741159953734,0.0,0.2916666666666667,0.0,0.0,0.0,0.0,Neutral/mixed
"Sugar, world",2002,0.15182500000000002,12,-0.2263548121087977,0.5583333333333333,0.016666666666666666,0.0,1.3,0.0,0.0,El Nino
"Sugar, world",2003,0.15630196666666665,12,0.029061278204852714,0.21666666666666667,0.05833333333333333,0.0,0.9,0.5583333333333333,0.0,Neutral/mixed
"Sugar, world",2004,0.15798607550000002,12,0.010717079407985386,0.425,0.0,0.0,0.7,0.21666666666666667,0.5583333333333333,Neutral/mixed
"Sugar, world",2005,0.21792668699999998,12,0.32165180866656495,0.15,0.1416666666666667,0.0,0.5,0.425,0.21666666666666667,Neutral/mixed
"Sugar, world",2006,0.32587239068833335,12,0.4023471570648447,0.3,0.26666666666666666,0.0,0.9,0.15,0.425,Neutral/mixed
"Sugar, world",2007,0.22215220866666666,12,-0.383143093564168,0.06666666666666667,0.6583333333333333,0.0,0.6,0.3,0.15,La Nina
"Sugar, world",2008,0.2821362445,12,0.23902731922634435,0.0,0.7999999999999999,0.0,-0.2,0.06666666666666667,0.3,La Nina
"Sugar, world",2009,0.400028299,12,0.34914520131543225,0.43333333333333335,0.25,0.0,1.5,0.0,0.06666666666666667,Neutral/mixed
"Sugar, world",2010,0.4693468963333333,12,0.1598068539643307,0.27499999999999997,0.8583333333333334,0.0,1.4,0.43333333333333335,0.0,La Nina
"Sugar, world",2011,0.5731644563333333,12,0.1998305387733581,0.0,0.7916666666666666,0.0,-0.3,0.27499999999999997,0.43333333333333335,La Nina
"Sugar, world",2012,0.4749454142066667,12,-0.1879728048717093,0.10833333333333334,0.24166666666666667,0.0,0.4,0.0,0.27499999999999997,Neutral/mixed
"Sugar, world",2013,0.3900447069325,12,-0.19693851425740516,0.0,0.4166666666666667,0.0,-0.2,0.10833333333333334,0.0,Neutral/mixed
"Sugar, world",2014,0.3749874901666667,12,-0.03936869985565683,0.15833333333333333,0.09166666666666667,0.0,0.6,0.0,0.10833333333333334,Neutral/mixed
"Sugar, world",2015,0.29626418433333335,12,-0.23564109494907537,1.2750000000000001,0.0,0.19166666666666665,2.3,0.15833333333333333,0.0,El Nino
"Sugar, world",2016,0.3980625128333333,12,0.2953574894617398,0.5,0.47500000000000003,0.07500000000000001,2.1,1.2750000000000001,0.15833333333333333,El Nino
"Sugar, world",2017,0.3531250085,12,-0.11978693439957577,0.0,0.4583333333333333,0.0,0.0,0.5,1.2750000000000001,Neutral/mixed
"Sugar, world",2018,0.2756142436666667,12,-0.24781990577754964,0.2416666666666667,0.3333333333333333,0.0,0.8,0.0,0.5,Neutral/mixed
"Sugar, world",2019,0.2800234836666667,12,0.015871249696481016,0.30833333333333335,0.008333333333333333,0.0,0.7,0.2416666666666667,0.0,Neutral/mixed
"Sugar, world",2020,0.2831283235,12,0.011026764909314757,0.016666666666666666,0.7166666666666667,0.0,0.1,0.30833333333333335,0.2416666666666667,La Nina
"Sugar, world",2021,0.389556354,12,0.3191083029723192,0.0,0.9666666666666667,0.0,-0.6,0.016666666666666666,0.30833333333333335,La Nina
"Sugar, world",2022,0.40783632816666665,12,0.045857399693070566,0.0,1.0833333333333333,0.0,-0.9,0.0,0.016666666666666666,La Nina
"Sugar, world",2023,0.5164689786666666,12,0.23614928862611118,0.5583333333333333,0.19999999999999998,0.0,1.4,0.0,0.0,El Nino
"Sugar, world",2024,0.4486034263333334,12,-0.14087596619807752,0.19166666666666668,0.43333333333333335,0.0,1.1,0.5583333333333333,0.0,Neutral/mixed
