model,series,median_log_growth,lower90,upper90
full,AUS:maize,-0.040662109326204,-0.1057936856104605,0.017460839719842622
full,AUS:rice,-0.04271775464129729,-0.10214853456091849,0.017340435800057615
full,AUS:sugar,-0.007180106447075198,-0.06785489917882163,0.05486110541964835
full,FJI:cocoa,-0.00048550287815615246,-0.08143277155297936,0.07605989380571224
full,FJI:coconut,-0.06619347578704865,-0.1363511261418656,0.005803244840722407
full,FJI:coffee,0.018373107348893275,-0.05671632315238963,0.09553839437809032
full,FJI:maize,-0.02873203432108445,-0.09160930955083336,0.03790529276557973
full,FJI:rice,-0.05977696079476681,-0.1236401100829577,-0.0013048038396413282
full,FJI:sugar,-0.03562081715931972,-0.10618138690751096,0.0241325847592436
full,IDN:cocoa,-0.0010924709106602945,-0.08091509160705809,0.0730567106766208
full,IDN:coconut,-0.05177092612364756,-0.10943147584148986,0.0034601769957264008
full,IDN:coffee,0.02608998495936682,-0.036986177030112644,0.09419107693803842
full,IDN:maize,-0.030713579981585963,-0.07731374676202005,0.01904414323654334
full,IDN:palm,-0.00978305857484115,-0.07647132952139746,0.06086208765970579
full,IDN:rice,-0.04663144223603384,-0.09007116774878413,-0.0012167569739153716
full,IDN:sugar,-0.016088773428829348,-0.07904648566762873,0.04360626103154734
full,MYS:cocoa,0.0011764253357272698,-0.07705038901325345,0.07946471238237046
full,MYS:coconut,-0.07063735562350992,-0.1396197260804493,-0.004171806060499159
full,MYS:coffee,0.028631273873639597,-0.04231856659392898,0.10200932949303003
full,MYS:maize,-0.023669512631794704,-0.08840766714301988,0.041988269088866575
full,MYS:palm,-0.042090848256981,-0.11268691090803812,0.02740684648935879
full,MYS:rice,-0.06664801200073112,-0.12248560705313291,-0.017676760921202805
full,MYS:sugar,-0.02065407756530323,-0.08709527973117519,0.04545472646191482
full,PHL:cocoa,-0.007270971933385146,-0.0849362346165699,0.06773713155533467
full,PHL:coconut,-0.07857828433554453,-0.15172719875033547,-0.00511448529386715
full,PHL:coffee,0.0033046507722570787,-0.06708259287840858,0.07475209325881484
full,PHL:maize,-0.027990719607171366,-0.07354878602542132,0.016512476455001923
full,PHL:palm,-0.008061434022715832,-0.0777518128443596,0.060590002814872194
full,PHL:rice,-0.06117750038482858,-0.11207430399512984,-0.010693471383980835
full,PHL:sugar,-0.028190155260847165,-0.09563283129005026,0.03157030225500396
full,PNG:cocoa,-0.011732942545671131,-0.08816335165843783,0.060495426054631346
full,PNG:coconut,-0.05907406390014887,-0.12347170358721049,0.010474742748536114
full,PNG:coffee,0.031153539851819203,-0.04251947775281276,0.10810408555361806
full,PNG:maize,-0.033908936043845345,-0.0980019356873732,0.031042400805784454
full,PNG:palm,0.0036097841418474743,-0.06368064231010717,0.07042454362458071
full,PNG:rice,-0.04540053192521727,-0.09063168755143496,0.0005354057878277569
full,PNG:sugar,-0.014981942358755615,-0.07379455683521192,0.05439837829168952
full,SLB:cocoa,0.006991656827718961,-0.054180212988107684,0.06740499957970716
full,SLB:coconut,-0.06047494664051177,-0.12888043965176718,0.010180172580767338
full,SLB:palm,-0.021083686935580083,-0.09718444575125718,0.052100893472839055
full,SLB:rice,-0.048153663617011844,-0.10448908924036504,0.015827025772585723
full,THA:cocoa,0.00496357565317788,-0.0713056747469378,0.08257513339205673
full,THA:coconut,-0.06467125602910595,-0.1284062763009309,0.005423420799355646
full,THA:coffee,0.019801643404365136,-0.0560512483740681,0.09395990565948843
full,THA:maize,-0.023146863384756536,-0.08560270690281886,0.04100008371599605
full,THA:palm,-0.03557282310757284,-0.11463809945465926,0.038675621687052554
full,THA:rice,-0.03537918856317071,-0.08745383928364182,0.014474446931471105
full,THA:sugar,-0.0309756087215384,-0.09927235628469436,0.032010912828445905
full,TON:coconut,-0.07131347836682009,-0.1449780222251621,0.00027491790252809703
full,TON:coffee,0.013038370091445116,-0.0500358993685982,0.07834371757220737
full,VNM:coconut,-0.04747652949515183,-0.11251768575240721,0.022482071802082417
full,VNM:coffee,0.01728798679692943,-0.05458694893650921,0.08786876244724409
full,VNM:maize,-0.017201065316036022,-0.07100678918410981,0.04195114030460587
full,VNM:rice,-0.039634897975656724,-0.08636440717800285,0.018314580374816678
full,VNM:sugar,-0.029700694689755433,-0.08545346235462416,0.026715044639616777
full,VUT:cocoa,-0.00013522898924829378,-0.076590820786266,0.07611693795005202
full,VUT:coconut,-0.06040234280822368,-0.1282459433397478,0.00923596775798934
full,VUT:coffee,0.01832339571502386,-0.059029210783433046,0.09445297145686272
full,VUT:maize,-0.038655791738857276,-0.07798524870312876,-0.0011917859445062413
full,WSM:cocoa,-0.00957449021771897,-0.0869359471872411,0.06591073748593151
full,WSM:coconut,-0.07523922132114896,-0.1467746919050202,-0.0027945292347596185
full,WSM:coffee,0.026826499418090427,-0.04664302519133965,0.10432869190900314
full,WSM:sugar,-0.022567554881981783,-0.06738313327814216,0.021946959137574645
weather,AUS:maize,-0.03981686713155343,-0.10359603674948295,0.018744697257330283
weather,AUS:rice,-0.040259461083350954,-0.09984155884323229,0.021812714132820026
weather,AUS:sugar,-0.008377181353264096,-0.06618749537313044,0.05167620294987726
weather,FJI:cocoa,0.000773030183168784,-0.07893474204250754,0.07546681695114595
weather,FJI:coconut,-0.06682113040308474,-0.13771472895164583,0.003390708686611652
weather,FJI:coffee,0.015370098203203399,-0.06035882767737589,0.09057019765283952
weather,FJI:maize,-0.02646177949245001,-0.09055241976993662,0.04124075744169398
weather,FJI:rice,-0.05846135976349451,-0.1241993857735386,0.003307679408651198
weather,FJI:sugar,-0.038945701405280954,-0.10944036652571763,0.022648712795731784
weather,IDN:cocoa,0.00016939703943753045,-0.07575004249464255,0.07531003863685924
weather,IDN:coconut,-0.04946007602563492,-0.10661197186498113,0.007299436242797308
weather,IDN:coffee,0.025560878782310163,-0.04143471818446488,0.09348003312830808
weather,IDN:maize,-0.028437316639151954,-0.07337680507458984,0.01885395852029267
weather,IDN:palm,-0.0061689586236506715,-0.07306577381651182,0.0649357381672597
weather,IDN:rice,-0.04517646561618699,-0.08806573965950308,-0.0004262427452746648
weather,IDN:sugar,-0.018692813348600124,-0.07963477144224738,0.04649650182275084
weather,MYS:cocoa,0.003117770453318427,-0.07535842274733971,0.07974783460923636
weather,MYS:coconut,-0.06962153200644972,-0.13673400483401074,-0.006800036823744295
weather,MYS:coffee,0.026349056997135356,-0.04749915408647696,0.10360061431054723
weather,MYS:maize,-0.02189259289600873,-0.08566364259625422,0.046658432343550015
weather,MYS:palm,-0.04002542856213394,-0.10860605081464215,0.028452086803244583
weather,MYS:rice,-0.06429298990355267,-0.11873078443979138,-0.018020324026097153
weather,MYS:sugar,-0.022836641970637228,-0.09181790043933089,0.04537379150514061
weather,PHL:cocoa,-0.0056117518192473174,-0.08207991784490082,0.06734238531680352
weather,PHL:coconut,-0.07969244534803406,-0.15487548907554652,-0.005848515123500397
weather,PHL:coffee,0.0015925784204131122,-0.06812131317007844,0.07372996711996552
weather,PHL:maize,-0.0274198233139819,-0.0716920567439388,0.01573738099970464
weather,PHL:palm,-0.007494284448910579,-0.07612326541896577,0.06234708627754051
weather,PHL:rice,-0.06038180585171613,-0.11261884963508718,-0.008999006824236062
weather,PHL:sugar,-0.030920921404630746,-0.0970191797764674,0.030428262046914466
weather,PNG:cocoa,-0.008681951590518103,-0.08295210189207813,0.06154412934078639
weather,PNG:coconut,-0.06018863360667487,-0.12486116950368174,0.009577398975003606
weather,PNG:coffee,0.031607295475000824,-0.04375524750102511,0.10596137437903644
weather,PNG:maize,-0.03221628911606125,-0.09605748225878323,0.02951055501054547
weather,PNG:palm,0.004707125967292553,-0.06224531029974152,0.07326767348562588
weather,PNG:rice,-0.043190008421721424,-0.08686092973246512,0.0019007131811608188
weather,PNG:sugar,-0.01736766355651277,-0.0796933178274123,0.05434860773599046
weather,SLB:cocoa,0.0069216900722315865,-0.05121336018015364,0.06670154414435434
weather,SLB:coconut,-0.06029401162409344,-0.12781604005677497,0.010912697118145968
weather,SLB:palm,-0.019319462501338234,-0.09369310901240706,0.05492919350861496
weather,SLB:rice,-0.045339216181305264,-0.10670898369210162,0.018324734510997753
weather,THA:cocoa,0.006745372226493478,-0.06836411128268427,0.08475359062653338
weather,THA:coconut,-0.06360446742942188,-0.12999314885388585,0.00584927675790082
weather,THA:coffee,0.017638618242929893,-0.06005449457455354,0.09278341359580818
weather,THA:maize,-0.01957230203216105,-0.08189411943106446,0.043621929455278555
weather,THA:palm,-0.03362457408500724,-0.11033212435467615,0.04124493756658484
weather,THA:rice,-0.03124405494906172,-0.08459174454408008,0.019473895890925942
weather,THA:sugar,-0.03464817185261325,-0.1033984979506124,0.030148888475071862
weather,TON:coconut,-0.07320783571439124,-0.14309212616730171,-0.0028077557820083057
weather,TON:coffee,0.009589690310729905,-0.05437647970827908,0.07614527816290491
weather,VNM:coconut,-0.047315984257014984,-0.11197334319268774,0.02209459061531707
weather,VNM:coffee,0.01397296454588814,-0.062295571445943866,0.09329247277297273
weather,VNM:maize,-0.015089239860281201,-0.07031222109767894,0.045132542459358
weather,VNM:rice,-0.03716293867124516,-0.08619065083037308,0.01746291366921377
weather,VNM:sugar,-0.030677671979564943,-0.08597179008556052,0.024657758264363797
weather,VUT:cocoa,0.00045133204404370947,-0.07387365152794798,0.07479207339884258
weather,VUT:coconut,-0.06090505445893617,-0.12878303037021974,0.007870174835104335
weather,VUT:coffee,0.01727066902608245,-0.05962338482603,0.09541652236970136
weather,VUT:maize,-0.04051086934001551,-0.08060391405844002,-0.0006824854022342145
weather,WSM:cocoa,-0.00792287523442948,-0.0848869380119722,0.06485912816111673
weather,WSM:coconut,-0.07372690495588763,-0.14949965501920512,-0.005240702959225205
weather,WSM:coffee,0.025670070040245702,-0.04556529171891194,0.10224722940299505
weather,WSM:sugar,-0.02634326247826201,-0.07002895486469629,0.01833897001097914
