period,scope,revenue_loss_2025usd_mean,revenue_loss_2025usd_p05,revenue_loss_2025usd_median,revenue_loss_2025usd_p95,agriculture_loss_2025usd_mean,agriculture_loss_2025usd_p05,agriculture_loss_2025usd_median,agriculture_loss_2025usd_p95,p_revenue_loss,p_loss_above_1pct_revenue,var95_2025usd,es95_2025usd,variant
2026,all_modeled,357334289.8141756,-1202324998.7992554,206646472.1732412,2333534347.231878,5792130739.864433,-908806736.5714016,5603961487.542501,13207135027.889046,0.6306,0.0,2333534347.231878,3324366437.36935,neutral_late_2027
2026,Pacific_islands,6849618.363448219,-43142816.68301004,3368548.3058340847,65675137.09107835,145842187.09777272,-51703329.632143065,132095498.38676374,387257720.58908975,0.5902,0.0205,65675137.09107835,103793649.58191334,neutral_late_2027
2026,excluding_Australia,312843543.5795689,-978397534.4292784,182025129.3679797,1963047813.563845,5308474461.03257,-633668681.9111403,5138854822.142752,11961896580.54396,0.6366,0.0,1963047813.563845,2799798457.06025,neutral_late_2027
2027,all_modeled,451369354.3574615,-1731669685.7597466,248663671.8412881,3178483204.051715,7343023788.635542,-2012666949.348055,7009922811.238775,17675440444.59695,0.6173,0.0,3178483204.051715,4540800627.595913,neutral_late_2027
2027,Pacific_islands,7184303.273622974,-60558337.17184607,3063168.683263421,85818354.635186,180142026.363761,-102767809.96050234,161221409.9535574,534901412.199186,0.565,0.039,85818354.635186,136352525.82076117,neutral_late_2027
2027,excluding_Australia,356679460.87213755,-1278097970.8344295,198648914.1480836,2422464452.7510023,6269756147.685842,-1998593690.5284865,5967042107.210583,15464555974.52469,0.6195,0.0007,2422464452.7510023,3482856127.133481,neutral_late_2027
2026–2027,all_modeled,808703644.171637,-2855488960.5751534,471546030.6434965,5429632957.70411,13135154528.499975,-2073636866.0369108,12578595222.049488,30513834873.639523,0.6264,0.0,5429632957.70411,7696589328.48827,neutral_late_2027
2026–2027,Pacific_islands,14033921.637071192,-100508160.23078942,6687228.565400898,150583425.35062394,325984213.46153367,-143850646.29857126,293211178.42226666,901214342.8787932,0.5786,0.0291,150583425.35062394,235798455.6743676,neutral_late_2027
2026–2027,excluding_Australia,669523004.4517064,-2178763746.358409,386876791.7848267,4291701986.0801816,11578230608.71841,-1796912225.464248,11046277296.0509,27049875908.93859,0.6352,0.0002,4291701986.0801816,6135024952.543963,neutral_late_2027
2026,all_modeled,357334289.8141756,-1202324998.7992554,206646472.1732412,2333534347.231878,5792130739.864433,-908806736.5714016,5603961487.542501,13207135027.889046,0.6306,0.0,2333534347.231878,3324366437.36935,la_nina_late_2027
2026,Pacific_islands,6849618.363448219,-43142816.68301004,3368548.3058340847,65675137.09107835,145842187.09777272,-51703329.632143065,132095498.38676374,387257720.58908975,0.5902,0.0205,65675137.09107835,103793649.58191334,la_nina_late_2027
2026,excluding_Australia,312843543.5795689,-978397534.4292784,182025129.3679797,1963047813.563845,5308474461.03257,-633668681.9111403,5138854822.142752,11961896580.54396,0.6366,0.0,1963047813.563845,2799798457.06025,la_nina_late_2027
2027,all_modeled,438318407.2478867,-1704189195.340014,242890224.2548268,3091852431.0614552,7113949579.446678,-2142444877.4579184,6838877964.705836,17456794563.057026,0.6153,0.0,3091852431.0614552,4453240152.784616,la_nina_late_2027
2027,Pacific_islands,7313120.951237413,-60271590.65230284,3299048.9021550715,85624074.28236736,181602815.5897776,-101709445.36941144,163361442.83617747,528596181.7802018,0.5689,0.0381,85624074.28236736,135792177.49186555,la_nina_late_2027
2027,excluding_Australia,344473243.4655464,-1243398665.2604918,190324104.66677612,2357468039.366137,6047357045.135841,-2094163747.5108824,5797774965.994188,15133610455.627878,0.6203,0.0007,2357468039.366137,3404716922.4871426,la_nina_late_2027
2026–2027,all_modeled,795652697.0620623,-2804797599.503792,463958796.0735529,5399443189.458287,12906080319.311111,-2426859292.8328032,12342185889.968388,30262437371.72773,0.6245,0.0,5399443189.458287,7616520148.463929,la_nina_late_2027
2026–2027,Pacific_islands,14162739.314685632,-100677291.67437366,6832006.771293223,151149422.923476,327445002.6875504,-137054406.7316946,297208052.0782354,893783170.620986,0.5802,0.0289,151149422.923476,235681338.05130944,la_nina_late_2027
2026–2027,excluding_Australia,657316787.0451154,-2162172205.385254,386824718.5706382,4270815505.448491,11355831506.168411,-2205300020.417057,10934087647.619509,26791813503.213467,0.6332,0.0001,4270815505.448491,6070913564.198962,la_nina_late_2027
2026,all_modeled,357194657.6611424,-1167255622.407917,211149419.6260828,2292094596.977722,5776967827.662466,-679390115.53429,5737510796.53219,12410131718.092966,0.6312,0.0,2292094596.977722,3149195142.29935,independent_forecast_errors
2026,Pacific_islands,6781610.190516056,-42794321.14853115,3571660.0290080607,65869488.2126209,145555181.23690528,-50557599.954050064,136671830.77957326,368527850.8723125,0.5907,0.0182,65869488.2126209,98093141.15111634,independent_forecast_errors
2026,excluding_Australia,312896189.9123073,-969764966.5990188,193712123.0325213,1918122258.6432784,5291278612.711777,-484346804.9200692,5281243508.388777,11176310940.524172,0.6383,0.0003,1918122258.6432784,2662834188.4057984,independent_forecast_errors
2027,all_modeled,518218085.464041,-1912411776.83586,302637806.4218145,3502577890.8841567,8335997833.270205,-1706906970.329453,8122696041.681465,18923458162.47824,0.6177,0.0002,3502577890.8841567,4944238951.535584,independent_forecast_errors
2027,Pacific_islands,8778190.456492977,-66509509.45865693,4300519.021645844,97023036.57068524,210157867.06241837,-102760390.47840942,196028262.49958196,559685898.4116635,0.5762,0.0478,97023036.57068524,150793537.57741168,independent_forecast_errors
2027,excluding_Australia,414784524.02959615,-1413776451.7244668,243430393.4873134,2708704379.0648685,7169253895.249003,-1741975638.1036582,6999114625.145348,16451625483.872044,0.6251,0.0018,2708704379.0648685,3806156137.70019,independent_forecast_errors
2026–2027,all_modeled,875412743.1251833,-2973407085.937614,542493007.1393865,5617870291.441515,14112965660.932673,-1565000786.5535624,13985989512.9225,30348010596.449707,0.6284,0.0,5617870291.441515,7804038958.567526,independent_forecast_errors
2026–2027,Pacific_islands,15559800.64700903,-106769863.41325448,8087773.712647885,159017352.0376077,355713048.2993236,-135153681.5466908,336777621.72200906,915567194.2507148,0.5834,0.0327,159017352.0376077,242782680.80577123,independent_forecast_errors
2026–2027,excluding_Australia,727680713.9419035,-2336950060.4618783,452707680.1544087,4537638488.847459,12460532507.960775,-1494075170.7462294,12384641447.851517,26902293794.840904,0.6374,0.0005,4537638488.847459,6233911779.408916,independent_forecast_errors
2026,all_modeled,354302140.6006218,-1214967169.1468737,205876424.4628698,2340844524.0270047,5781188281.736045,-944851820.3159148,5550232688.683802,13406319031.6788,0.6299,0.0,2340844524.0270047,3331475733.881456,aligned_forecast_errors
2026,Pacific_islands,6762709.2677305695,-43037722.90752781,3333746.58874017,65840094.141811706,145325196.05744994,-51625295.94654299,130902424.3098535,387576467.2215007,0.5879,0.0202,65840094.141811706,103411589.65580316,aligned_forecast_errors
2026,excluding_Australia,310106611.4034219,-996562575.0562596,181169728.86331356,1955921164.26957,5298422499.464542,-697542668.7678518,5106278159.148151,12130524624.123943,0.6345,0.0,1955921164.26957,2808318946.825888,aligned_forecast_errors
2027,all_modeled,452694982.2053168,-1744993944.158254,248545468.13537112,3203081897.4947925,7436086170.776397,-1958643620.066052,7085193257.279249,18231228887.877995,0.6148,0.0,3203081897.4947925,4622662574.046224,aligned_forecast_errors
2027,Pacific_islands,7425542.999945667,-62032051.89136855,3309643.292001635,89290874.8417005,186643381.49815103,-98893014.00981957,166458337.19280195,545744511.9424696,0.5672,0.0403,89290874.8417005,140225338.35701126,aligned_forecast_errors
2027,excluding_Australia,357914961.87582016,-1295031616.0983963,195159024.42516425,2459360469.3620434,6346831719.847864,-2021086598.634213,6011020652.151308,16038039803.7368,0.6222,0.0013,2459360469.3620434,3570706929.068797,aligned_forecast_errors
2026–2027,all_modeled,806997122.8059386,-2834726666.169424,467284147.37858194,5484765445.317105,13217274452.512444,-2166897992.895837,12555855019.836351,31209933304.383434,0.6231,0.0,5484765445.317105,7798578753.339226,aligned_forecast_errors
2026–2027,Pacific_islands,14188252.267676232,-102748614.54640962,6791600.977546185,152292091.09338373,331968577.555601,-132776636.79717147,296270259.21364284,918303185.472165,0.5789,0.0301,152292091.09338373,239883689.39064863,aligned_forecast_errors
2026–2027,excluding_Australia,668021573.279242,-2214470331.6890693,389589216.2026689,4306130862.499821,11645254219.312408,-2046343609.17132,11127953500.393978,27852219349.018723,0.6335,0.0003,4306130862.499821,6244563298.662916,aligned_forecast_errors
2026,all_modeled,356304880.8667273,-1187054237.973796,203342881.0747712,2334441863.0584645,5787841151.811219,-890079618.8374193,5612594180.343265,13164567445.111883,0.6304,0.0,2334441863.0584645,3307266472.0539894,independent_economic_shocks
2026,Pacific_islands,6855927.263602541,-42943213.234035626,3340452.4227193594,65657455.43337706,145876801.64842752,-51265139.33693107,132499645.54789165,385612368.6352403,0.589,0.0195,65657455.43337706,103587032.79225267,independent_economic_shocks
2026,excluding_Australia,312018195.3320716,-977656344.7939156,184969672.63907564,1953512885.6019084,5308956526.502192,-615431227.8627448,5154772395.104387,11964602564.465685,0.6368,0.0,1953512885.6019084,2781410826.9219666,independent_economic_shocks
2027,all_modeled,460161981.6087394,-1759069476.9886646,255482351.6267778,3240284944.7688804,7509160553.678895,-1967468921.768113,7205380159.107504,17862968305.26804,0.6155,0.0,3240284944.7688804,4607458478.577914,independent_economic_shocks
2027,Pacific_islands,7635750.673273749,-61470165.54193082,3476649.9362486005,89230182.56314102,189006717.5903716,-97969009.0908726,170744162.99768683,540474280.4164466,0.57,0.0408,89230182.56314102,140972563.21443224,independent_economic_shocks
2027,excluding_Australia,365267450.9525302,-1308943561.8029563,205079204.3814124,2480810971.2369127,6425474892.562871,-1916281710.1008484,6145940945.031195,15682977095.79774,0.6206,0.001,2480810971.2369127,3555639956.2543736,independent_economic_shocks
2026–2027,all_modeled,816466862.4754667,-2891565743.968776,469397265.660824,5448574382.659357,13297001705.490112,-2208568908.7311816,12786650063.77479,30590268571.628357,0.6258,0.0,5448574382.659357,7752505712.36559,independent_economic_shocks
2026–2027,Pacific_islands,14491677.936876288,-103382384.93764676,7042780.192339182,154846789.08975306,334883519.2387991,-135507834.83129197,302538004.48773825,917247497.3583326,0.5807,0.0308,154846789.08975306,240557920.57251644,independent_economic_shocks
2026–2027,excluding_Australia,677285646.2846018,-2177895180.628397,395416187.45433766,4359263669.715268,11734431419.065062,-1889089309.569691,11251972674.518097,27243382646.388947,0.6323,0.0002,4359263669.715268,6203149977.073023,independent_economic_shocks
2026,all_modeled,347556813.89066446,-1178942466.6820238,198079148.55935344,2302341384.771531,5620529802.720779,-1041056998.2578958,5422610459.296818,13069203197.36757,0.6302,0.0,2302341384.771531,3271449907.192144,onset_june
2026,Pacific_islands,6709127.937494494,-42127701.73435782,3284461.102149785,64669131.68175699,142631551.15154564,-51205116.56610511,128616657.61054271,382348258.61495495,0.5892,0.0198,64669131.68175699,102416416.59211808,onset_june
2026,excluding_Australia,304196514.3229128,-960318576.3559388,175409149.6830418,1931648296.583803,5149661977.227965,-755625099.1931037,4967212464.975697,11768770883.224382,0.6349,0.0,1931648296.583803,2754337727.4410505,onset_june
2027,all_modeled,453278795.525642,-1716847072.4018006,251486834.0012914,3195636050.054646,7386952450.62685,-1952722884.248148,7083574319.813076,17772485801.582134,0.6171,0.0,3195636050.054646,4549987228.5920725,onset_june
2027,Pacific_islands,7536475.240404933,-61182489.23994753,3493956.273760796,88438900.62197407,186556621.24127117,-97289576.49326448,168695389.140691,536568079.8873028,0.5703,0.0408,88438900.62197407,138855430.12227616,onset_june
2027,excluding_Australia,359672799.98432654,-1272130944.0347848,203781780.8937692,2449615991.1239524,6316767734.575911,-1887084329.7488868,6056167187.099703,15482190878.110529,0.62,0.0011,2449615991.1239524,3509942675.68658,onset_june
2026–2027,all_modeled,800835609.4163065,-2805382997.054216,460740556.4598284,5403354935.59366,13007482253.347628,-2296413786.4388604,12456562629.94424,30545687270.2543,0.625,0.0,5403354935.59366,7657049097.460433,onset_june
2026–2027,Pacific_islands,14245603.177899426,-102451295.35572147,6955229.651316166,152090163.42883837,329188172.3928167,-133507563.82540566,297845100.94723016,897914788.2494079,0.5819,0.0294,152090163.42883837,237035453.43172,onset_june
2026–2027,excluding_Australia,663869314.3072394,-2171958889.5702457,386825473.0409397,4310784302.412134,11466429711.803877,-2055194944.093636,10947910391.632973,26847866091.817738,0.6315,0.0001,4310784302.412134,6123401509.413904,onset_june
2026,all_modeled,0.0,0.0,0.0,0.0,5792130739.864433,-908806736.5714016,5603961487.542501,13207135027.889046,0.0,0.0,0.0,0.0,zero_direct_fiscal_transmission
2026,Pacific_islands,0.0,0.0,0.0,0.0,145842187.09777272,-51703329.632143065,132095498.38676374,387257720.58908975,0.0,0.0,0.0,0.0,zero_direct_fiscal_transmission
2026,excluding_Australia,0.0,0.0,0.0,0.0,5308474461.03257,-633668681.9111403,5138854822.142752,11961896580.54396,0.0,0.0,0.0,0.0,zero_direct_fiscal_transmission
2027,all_modeled,-52259852.44563516,-129181196.69347268,-50293929.62345812,15768658.783116192,7514626456.458192,-1984142357.094384,7236675677.626853,17984485059.35847,0.0959,0.0,15768658.783116192,39065099.76770157,zero_direct_fiscal_transmission
2027,Pacific_islands,-1182067.1469441045,-3186986.652288535,-1045920.6577226818,374085.0602639879,188905562.2795937,-99201750.38302705,170893193.45524347,542335251.932965,0.107,0.0,374085.0602639879,880011.9879638664,zero_direct_fiscal_transmission
2027,excluding_Australia,-47774672.54186612,-117167438.94747952,-46033080.43377709,12658139.383587046,6418228907.97292,-1890709894.997108,6169889370.081983,15625597064.51508,0.0896,0.0,12658139.383587046,33724930.31357834,zero_direct_fiscal_transmission
2026–2027,all_modeled,-52259852.44563516,-129181196.69347268,-50293929.62345812,15768658.783116192,13306757196.322624,-2152957980.509668,12791203480.713757,30866752080.12629,0.0959,0.0,15768658.783116192,39065099.76770157,zero_direct_fiscal_transmission
2026–2027,Pacific_islands,-1182067.1469441045,-3186986.652288535,-1045920.6577226818,374085.0602639879,334747749.3773665,-135444328.7665714,304540774.14891315,913693183.2124866,0.107,0.0,374085.0602639879,880011.9879638664,zero_direct_fiscal_transmission
2026–2027,excluding_Australia,-47774672.54186612,-117167438.94747952,-46033080.43377709,12658139.383587046,11726703369.005491,-1848411459.658982,11239232552.857103,27295131814.98392,0.0896,0.0,12658139.383587046,33724930.31357834,zero_direct_fiscal_transmission
2026,all_modeled,357334289.8141756,-1202324998.7992554,206646472.1732412,2333534347.231878,5792130739.864433,-908806736.5714016,5603961487.542501,13207135027.889046,0.6306,0.0,2333534347.231878,3324366437.36935,central
2026,Pacific_islands,6849618.363448219,-43142816.68301004,3368548.3058340847,65675137.09107835,145842187.09777272,-51703329.632143065,132095498.38676374,387257720.58908975,0.5902,0.0205,65675137.09107835,103793649.58191334,central
2026,excluding_Australia,312843543.5795689,-978397534.4292784,182025129.3679797,1963047813.563845,5308474461.03257,-633668681.9111403,5138854822.142752,11961896580.54396,0.6366,0.0,1963047813.563845,2799798457.06025,central
2027,all_modeled,460446606.9292434,-1747760667.469179,254177802.3206272,3239012355.858809,7514626456.458192,-1984142357.094384,7236675677.626853,17984485059.35847,0.6175,0.0,3239012355.858809,4614392933.514657,central
2027,Pacific_islands,7616061.657946312,-62283563.456785455,3495288.8313467503,89792343.08940451,188905562.2795937,-99201750.38302705,170893193.45524347,542335251.932965,0.5702,0.0415,89792343.08940451,140443610.18201944,central
2027,excluding_Australia,364634800.3656341,-1293501132.320188,206058881.9142918,2500348133.6605096,6418228907.97292,-1890709894.997108,6169889370.081983,15625597064.51508,0.6198,0.0011,2500348133.6605096,3552546449.290297,central
2026–2027,all_modeled,817780896.7434188,-2881156489.5808463,470920827.0144582,5523943960.144789,13306757196.322624,-2152957980.509668,12791203480.713757,30866752080.12629,0.625,0.0,5523943960.144789,7767766552.847349,central
2026–2027,Pacific_islands,14465680.021394532,-102875582.80334736,7039043.891758204,153845613.94592223,334747749.3773665,-135444328.7665714,304540774.14891315,913693183.2124866,0.5812,0.0303,153845613.94592223,239868714.23911777,central
2026–2027,excluding_Australia,677478343.9452031,-2211985585.6387696,399418266.9605992,4372168530.543373,11726703369.005491,-1848411459.658982,11239232552.857103,27295131814.98392,0.6329,0.0001,4372168530.543373,6207708177.732723,central
2026,all_modeled,129279791.32355505,-758352569.1805155,60839726.58416355,1177666934.150762,5792130739.864433,-908806736.5714016,5603961487.542501,13207135027.889046,0.5855,0.0,1177666934.150762,1693856391.956015,fiscal_prior_scale_0.5
2026,Pacific_islands,2946069.461664617,-23043719.367342744,1154706.4490944445,33680794.76487433,145842187.09777272,-51703329.632143065,132095498.38676374,387257720.58908975,0.5665,0.0012,33680794.76487433,50411602.83654587,fiscal_prior_scale_0.5
2026,excluding_Australia,107863756.50495556,-612156901.328426,54605352.610073954,955999586.660574,5308474461.03257,-633668681.9111403,5138854822.142752,11961896580.54396,0.5898,0.0,955999586.660574,1376662780.4119139,fiscal_prior_scale_0.5
2027,all_modeled,132624309.38717897,-1176939630.4134064,53640822.93121284,1618560329.111023,7514626456.458192,-1984142357.094384,7236675677.626853,17984485059.35847,0.551,0.0,1618560329.111023,2320468224.2593117,fiscal_prior_scale_0.5
2027,Pacific_islands,2581686.1519923774,-33760970.34917391,778488.7900610864,44534144.24005641,188905562.27959374,-99201750.38302703,170893193.45524347,542335251.932965,0.5352,0.0044,44534144.24005641,66900177.404848285,fiscal_prior_scale_0.5
2027,excluding_Australia,90618728.44653325,-869921459.9925417,35958520.74640313,1204850707.8408222,6418228907.97292,-1890709894.9971077,6169889370.081983,15625597064.51508,0.5455,0.0,1204850707.8408222,1716430271.9629548,fiscal_prior_scale_0.5
2026–2027,all_modeled,261904100.71073404,-1894310992.5236037,117689609.14891005,2757761548.979736,13306757196.322624,-2152957980.509668,12791203480.713755,30866752080.12629,0.5726,0.0,2757761548.979736,3916800869.6377892,fiscal_prior_scale_0.5
2026–2027,Pacific_islands,5527755.613656995,-55875880.213398,2043893.0077803433,77341990.94831182,334747749.3773665,-135444328.7665714,304540774.14891315,913693183.2124866,0.5547,0.0019,77341990.94831182,115015915.58574903,fiscal_prior_scale_0.5
2026–2027,excluding_Australia,198482484.95148882,-1445160274.6772025,98970706.47772816,2118114618.6289637,11726703369.005491,-1848411459.658982,11239232552.857105,27295131814.98392,0.5696,0.0,2118114618.6289637,3026087489.551897,fiscal_prior_scale_0.5
2026,all_modeled,455282087.3508492,-1317085961.215658,273949265.7358419,2704654038.439225,5792130739.864433,-908806736.5714016,5603961487.542501,13207135027.889046,0.644,0.0,2704654038.439225,4032344772.2992196,fiscal_prior_scale_4.0
2026,Pacific_islands,7263959.902142688,-55390776.67362642,3476543.9725008905,78760483.05390444,145842187.09777272,-51703329.632143065,132095498.38676374,387257720.58908975,0.5853,0.0339,78760483.05390444,126769547.23477407,fiscal_prior_scale_4.0
2026,excluding_Australia,401217092.3678231,-1083151450.6314995,245082866.98165128,2303623981.278329,5308474461.03257,-633668681.9111403,5138854822.142752,11961896580.54396,0.6501,0.002,2303623981.278329,3467156608.833786,fiscal_prior_scale_4.0
2027,all_modeled,631808255.3818871,-1825909215.658119,363517758.6426632,3885678963.7213564,7514626456.458192,-1984142357.094384,7236675677.626853,17984485059.35847,0.6388,0.0002,3885678963.7213564,5625515128.905268,fiscal_prior_scale_4.0
2027,Pacific_islands,8727356.741596688,-78039929.56742364,3787290.908227384,107719428.63991389,188905562.27959374,-99201750.38302703,170893193.45524347,542335251.932965,0.5745,0.0577,107719428.63991389,175835350.1911496,fiscal_prior_scale_4.0
2027,excluding_Australia,509516833.08933145,-1340636729.1785877,294225857.4495748,2991426586.3171525,6418228907.97292,-1890709894.9971077,6169889370.081983,15625597064.51508,0.6464,0.0045,2991426586.3171525,4439636598.799302,fiscal_prior_scale_4.0
2026–2027,all_modeled,1087090342.7327363,-3041411855.457092,652310557.5938389,6439537677.265304,13306757196.322624,-2152957980.509668,12791203480.713755,30866752080.12629,0.6479,0.0,6439537677.265304,9406802812.236841,fiscal_prior_scale_4.0
2026–2027,Pacific_islands,15991316.643739374,-131679845.73867047,7395297.908290774,183722483.61656165,334747749.3773665,-135444328.7665714,304540774.14891315,913693183.2124866,0.5832,0.0447,183722483.61656165,297177926.95367223,fiscal_prior_scale_4.0
2026–2027,excluding_Australia,910733925.4571546,-2362606902.6540384,548312835.3315109,5264718409.838715,11726703369.005491,-1848411459.658982,11239232552.857105,27295131814.98392,0.6555,0.0028,5264718409.838715,7742303891.405967,fiscal_prior_scale_4.0
