country,crop,year,yield_effect_pct_mean,yield_effect_pct_p05,yield_effect_pct_median,yield_effect_pct_p95,p_yield_loss,anchor_year,anchor_production_t,area_response_estimated,price_response_estimated,production_effect_pct_mean,production_effect_pct_p05,production_effect_pct_median,production_effect_pct_p95,local_usd_price_effect_pct_mean,local_usd_price_effect_pct_p05,local_usd_price_effect_pct_median,local_usd_price_effect_pct_p95,gross_receipts_effect_pct_mean,gross_receipts_effect_pct_p05,gross_receipts_effect_pct_median,gross_receipts_effect_pct_p95,fixed_area_anchor_output_loss_t_mean,fixed_area_anchor_output_loss_t_p05,fixed_area_anchor_output_loss_t_median,fixed_area_anchor_output_loss_t_p95,tonnage_interpretation,scope
AUS,maize,2026,-1.6856192970474508,-5.149957105184651,-1.7195323773194229,2.050589913183982,0.8141,2024,447027.0,True,True,1.190284100724592,-6.565394615972354,1.0410015443886542,9.518893542651048,-4.1293868253964,-9.043200989429089,-3.9911787732836053,1.543368677044972,-3.076398777422357,-9.435563544191716,-3.0724262557289617,3.4210321858687984,7535.1733750123085,-9166.690571208983,7686.7740003596955,23021.69874859379,Equivalent at latest observed production; not a forecast of planted area or 2026/27 output,"Crop yield, not fiscal revenue; do not add to macro value-added losses"
AUS,rice,2026,-1.9839714626501983,-5.5806526339059435,-1.9498426948140066,1.4672393491924172,0.8434,2024,619180.0,True,True,1.007455054159911,-14.91677881243777,-0.18115894212993505,20.294207499530884,2.2968808793681013,-4.688255791157282,1.8960068570521251,10.129118797155474,3.0792878650158824,-12.121589382817437,2.298164316131881,18.887640833291016,12284.3545024375,-9084.852602329609,12073.035997749368,34554.28497861879,Equivalent at latest observed production; not a forecast of planted area or 2026/27 output,"Crop yield, not fiscal revenue; do not add to macro value-added losses"
AUS,sugar,2026,-1.5904034692291986,-5.475786152601803,-1.5450593498633922,2.028401702895382,0.778,2024,29855156.0,True,True,-1.746570325871325,-6.007063024634538,-1.6875314006876263,2.4060849813309177,-3.905013979742537,-10.205820411925218,-4.035966213345942,2.341887765235892,-5.579529574626406,-13.223411336781917,-5.60423739965887,2.0079955922984087,474817.4367677892,-605582.4927060736,461279.87919430155,1634804.4980856662,Equivalent at latest observed production; not a forecast of planted area or 2026/27 output,"Crop yield, not fiscal revenue; do not add to macro value-added losses"
FJI,cocoa,2026,0.02611252479968011,-4.806622760677633,0.036980589977075665,4.892913631882519,0.4956,2024,215.9,True,False,-11.101809122918649,-29.413196812171535,-12.45337735672123,12.822042415269802,,,,,,,,,-0.056376941042509364,-10.563800531234362,-0.07984109376050635,10.377498540303002,Equivalent at latest observed production; not a forecast of planted area or 2026/27 output,"Crop yield, not fiscal revenue; do not add to macro value-added losses"
FJI,coconut,2026,-2.4348304462670103,-6.667931953602574,-2.483463546641156,2.010931822740128,0.846,2024,25000.0,True,False,-5.385157749886945,-15.389271472812949,-6.021821024108261,6.919957289413487,,,,,,,,,608.7076115667525,-502.7329556850321,620.865886660289,1666.9829884006435,Equivalent at latest observed production; not a forecast of planted area or 2026/27 output,"Crop yield, not fiscal revenue; do not add to macro value-added losses"
FJI,coffee,2026,0.09272100241758376,-4.7166145708342855,0.07009447577273967,4.814682696028215,0.4886,2024,14.23,True,False,-15.156778749708572,-30.348313607492663,-15.249586975612608,-0.5066905950563079,,,,,,,,,-0.013194198644022168,-0.6851293476448155,-0.009974443902460856,0.6711742534297186,Equivalent at latest observed production; not a forecast of planted area or 2026/27 output,"Crop yield, not fiscal revenue; do not add to macro value-added losses"
FJI,maize,2026,-1.6092517367685537,-5.111896767308221,-1.7659809681584633,2.2636371304591885,0.7925,2024,2421.0,True,True,-35.19685175340098,-50.85444789431794,-35.793820838908744,-17.218549623007544,14.680286278491383,0.29572664552075845,14.454511497293495,37.20777237505326,-25.86960906845447,-45.89013598769964,-27.288032089437955,-2.9768721816283357,38.95998454716669,-54.802654928417,42.754399239116395,123.75902073653202,Equivalent at latest observed production; not a forecast of planted area or 2026/27 output,"Crop yield, not fiscal revenue; do not add to macro value-added losses"
FJI,rice,2026,-2.4099272919689043,-6.204989011448121,-2.2831593472776994,0.9178395463351506,0.8842,2024,8597.5,True,True,-0.8802733455723237,-11.336960764973375,-1.5481743024913426,12.14968931757836,-8.166002049533976,-26.210643613075646,-11.04569878149426,8.648511469822424,-9.586349188494488,-21.964991307120208,-10.883902722501512,5.690451952714637,207.19349892702655,-78.91125499616476,196.2946248822002,533.4739302592523,Equivalent at latest observed production; not a forecast of planted area or 2026/27 output,"Crop yield, not fiscal revenue; do not add to macro value-added losses"
FJI,sugar,2026,-1.8857699881436683,-5.945405211860585,-1.7846667533052514,1.7855720829552384,0.8098,2024,1332000.0,True,False,-3.1341954523942355,-7.8978571765670935,-3.093192782547714,1.5145370355870673,,,,,,,,,25118.456242073662,-23783.820144963815,23771.761154025946,79192.79742198296,Equivalent at latest observed production; not a forecast of planted area or 2026/27 output,"Crop yield, not fiscal revenue; do not add to macro value-added losses"
IDN,cocoa,2026,-0.010198950254373278,-4.865069876464699,-0.015651467941530616,4.843197805551586,0.5026,2024,632702.0,True,True,0.8437624603729591,-5.96322240018585,0.7038085586389506,7.9227556492573115,-2.9839821740829016,-8.220649452313653,-2.932325554026127,1.4440961541070523,-2.1526360933288493,-11.235723607918118,-2.007859946535789,6.082404316921212,64.5289622384249,-30643.009379681007,99.02715069542305,30781.394409789656,Equivalent at latest observed production; not a forecast of planted area or 2026/27 output,"Crop yield, not fiscal revenue; do not add to macro value-added losses"
IDN,coconut,2026,-2.996276817384067,-6.914152339017217,-2.9506691620760437,0.6555196128140706,0.9143,2024,17985386.2,True,False,-4.241049034174626,-8.320514378946545,-4.142727136217843,-0.4984726429065102,,,,,,,,,538891.9572275933,-117897.73398135579,530689.2442836803,1243537.0006285794,Equivalent at latest observed production; not a forecast of planted area or 2026/27 output,"Crop yield, not fiscal revenue; do not add to macro value-added losses"
IDN,coffee,2026,0.16447647470603724,-4.229800054793198,0.1455040766650143,4.544622143231506,0.4785,2024,807578.0,True,True,-0.6756031542995821,-5.538826711030381,-0.678000723670465,4.171434531774887,-4.80873252133528,-10.455964111461215,-4.8270735434481615,1.1321009729605858,-5.448605157507262,-13.008224950835956,-5.442548118473749,1.9083471910244882,-1328.2758249015214,-36701.368611866135,-1175.058912249789,34158.934686497814,Equivalent at latest observed production; not a forecast of planted area or 2026/27 output,"Crop yield, not fiscal revenue; do not add to macro value-added losses"
IDN,maize,2026,-1.4034998424597027,-4.3499787494733955,-1.5477356387939936,2.0727115164711685,0.7986,2024,15138912.0,True,True,-6.783404165435649,-13.543347103391241,-6.907913778356852,0.6078229378565889,-6.659738746244327,-11.187665235883859,-6.864769743007013,-1.9855105733094276,-13.00537464357205,-20.090486277079687,-13.20606460132359,-5.042792899892289,212474.60607011305,-313785.9724924358,234310.33634966056,658539.454901477,Equivalent at latest observed production; not a forecast of planted area or 2026/27 output,"Crop yield, not fiscal revenue; do not add to macro value-added losses"
IDN,palm,2026,-0.05659223410826518,-4.437110343086239,-0.078412847622705,4.260543277866937,0.5125,2024,243000000.0,True,False,-0.9102957317998859,-5.89356794378142,-0.9123600622630986,3.9883920653895553,,,,,,,,,137519.12888308434,-10353120.16521666,190543.21972317316,10782178.133699553,Equivalent at latest observed production; not a forecast of planted area or 2026/27 output,"Crop yield, not fiscal revenue; do not add to macro value-added losses"
IDN,rice,2026,-1.5405266076118387,-4.539270173261981,-1.546947302642613,1.4195276544484328,0.8219,2024,53142727.0,True,True,-2.5454881542852426,-5.76583483807217,-2.523953630444362,0.5693564880941311,-2.5523267222867974,-9.09470376205252,-2.513109979648696,4.375922227763445,-5.026650409427519,-12.344831116180037,-5.122730544888956,2.5954879464845537,818677.8494455206,-754375.7060930342,822089.9818772275,2412291.9559690407,Equivalent at latest observed production; not a forecast of planted area or 2026/27 output,"Crop yield, not fiscal revenue; do not add to macro value-added losses"
IDN,sugar,2026,-1.3156877949545893,-5.142340847994346,-1.2852877563479406,2.3434817547682676,0.7388,2024,32000000.0,True,False,-2.315225689012196,-8.005623184076752,-2.3218495582983545,3.3864073764399,,,,,,,,,421020.0943854686,-749914.1615258466,411292.082031341,1645549.0713581906,Equivalent at latest observed production; not a forecast of planted area or 2026/27 output,"Crop yield, not fiscal revenue; do not add to macro value-added losses"
MYS,cocoa,2026,-0.04514974648145474,-4.835472909576255,-0.03914445098542868,4.705022264486053,0.5053,2024,445.0,True,True,-3.7893015525379816,-13.916714044776489,-4.012475399685902,6.813906209461801,-0.7414273442285143,-11.71048628212344,-0.8405060733040508,9.415251530188447,-4.7042000235318975,-15.277192483496794,-4.7852690443448616,6.262350832725592,0.2009163718424736,-20.93734907696295,0.17419280688515762,21.517854447614326,Equivalent at latest observed production; not a forecast of planted area or 2026/27 output,"Crop yield, not fiscal revenue; do not add to macro value-added losses"
MYS,coconut,2026,-2.722868575938278,-6.830798992611223,-2.7027028347609967,1.2114537833635635,0.8797,2024,673553.37,True,True,-4.478974220859716,-9.40007186920222,-4.3937994276234225,0.2639447861984184,-3.098803815910921,-8.70337628860024,-3.398302293756826,2.7313908719394524,-7.434953688308492,-14.605677138227437,-7.556489788797977,0.06757486253679269,18339.973053903283,-8159.7877838378035,18204.146024618225,46009.07681265895,Equivalent at latest observed production; not a forecast of planted area or 2026/27 output,"Crop yield, not fiscal revenue; do not add to macro value-added losses"
MYS,coffee,2026,0.36425398212777926,-4.220267232012926,0.2891481756551323,5.155910450512659,0.4543,2024,2861.29,True,False,-1.250717758631464,-12.456422939501863,-1.1581037040671578,9.550593204470225,,,,,,,,,-10.422362765223934,-147.52555012947366,-8.273367835202734,120.75408428286255,Equivalent at latest observed production; not a forecast of planted area or 2026/27 output,"Crop yield, not fiscal revenue; do not add to macro value-added losses"
MYS,maize,2026,-1.676636228994742,-5.289491800994846,-1.7472282218248685,2.1875195823831564,0.8049,2024,1317.23,True,False,2.8776085367506146,-4.859143460303975,2.826769963374713,10.95100752982085,,,,,,,,,22.085155399187446,-28.81466419502567,23.015014306343716,69.67477285024438,Equivalent at latest observed production; not a forecast of planted area or 2026/27 output,"Crop yield, not fiscal revenue; do not add to macro value-added losses"
MYS,palm,2026,-0.6811134603489308,-5.183795486545887,-0.6139059780583547,3.5243049601000522,0.6009,2024,100163525.0,True,False,4.975113503549338e-05,-4.869794153703,0.08376109703663623,4.594517266764865,,,,,,,,,682227.2511349665,-3530068.079786059,614909.8678089746,5192272.288115261,Equivalent at latest observed production; not a forecast of planted area or 2026/27 output,"Crop yield, not fiscal revenue; do not add to macro value-added losses"
MYS,rice,2026,-2.8887813616298286,-6.7646867727136675,-2.6875235516063993,0.1649856775069248,0.9405,2024,2102960.0,True,False,-1.2588333775228282,-5.551510750772098,-1.1624178450669245,2.6367180534296475,,,,,,,,,60749.91652253065,-3469.5828036996604,56517.545280861945,142258.6569554592,Equivalent at latest observed production; not a forecast of planted area or 2026/27 output,"Crop yield, not fiscal revenue; do not add to macro value-added losses"
MYS,sugar,2026,-1.419260680280668,-5.336572714617581,-1.4067511762910367,2.3977172712932333,0.7531,2024,16924.97,True,False,28.47104645233127,-6.749376949997823,21.685742875909323,86.40861402859454,,,,,,,,,240.20944435929897,-405.8129288511987,238.0922145619051,903.2133309772107,Equivalent at latest observed production; not a forecast of planted area or 2026/27 output,"Crop yield, not fiscal revenue; do not add to macro value-added losses"
PHL,cocoa,2026,-0.2998799211148215,-5.004746546844901,-0.24227908456412983,4.406225937594836,0.5384,2024,10843.53,True,True,1.0006190440184854,-6.779046356951504,0.7943212909984521,9.513202801250523,-0.4352442738809595,-5.603480120666165,-0.7762897547859857,5.56062486324556,0.5750507062551367,-8.94073177155559,0.1208719065810201,11.332232229324344,32.517569210062,-477.7904314108776,26.27160521843679,542.6911932310904,Equivalent at latest observed production; not a forecast of planted area or 2026/27 output,"Crop yield, not fiscal revenue; do not add to macro value-added losses"
PHL,coconut,2026,-2.359280199516919,-6.549386889837089,-2.3871074771966594,1.8378678134423865,0.8378,2024,14500416.25,True,True,-3.096357970459436,-7.468383432188821,-3.1387110696379485,1.1663898192590851,-4.868973838713042,-11.954522029755555,-4.975276052262124,2.64842582264166,-7.810288639809716,-15.912152899654037,-7.781875779332666,0.6091900609209853,342105.44943378377,-266498.4830739196,346140.5205283895,949688.3608493067,Equivalent at latest observed production; not a forecast of planted area or 2026/27 output,"Crop yield, not fiscal revenue; do not add to macro value-added losses"
PHL,coffee,2026,0.04693782961979863,-4.6490470377684705,0.06904483138727255,4.585405564751279,0.4897,2024,64000.0,True,True,-0.4908145149111856,-5.428828433191298,-0.4894622236814421,4.466437691406725,-0.48481394147981527,-6.714098344231528,-0.4218220112059512,5.599819778792665,-0.9692171927180016,-8.773703352544434,-1.093005243569316,7.406938249924167,-30.040210956671125,-2934.6595614408197,-44.188692087854434,2975.3901041718204,Equivalent at latest observed production; not a forecast of planted area or 2026/27 output,"Crop yield, not fiscal revenue; do not add to macro value-added losses"
PHL,maize,2026,-1.9330024326510566,-4.8601885657197,-1.953706626719894,1.102596165894146,0.8747,2024,8138177.93,True,True,-3.863708092629074,-7.17651993773262,-3.841281351522038,-0.6096927631588741,-1.5991088996435647,-7.657093271123419,-1.6532365628703636,5.271465854676432,-5.407104394349645,-11.807309825666737,-5.420867843573838,1.3533403668234478,157311.17736037137,-89731.23782982376,158996.12151266588,395530.7932117842,Equivalent at latest observed production; not a forecast of planted area or 2026/27 output,"Crop yield, not fiscal revenue; do not add to macro value-added losses"
PHL,palm,2026,-0.03095632901932745,-4.567738198175236,-0.02206413801869678,4.385636431035522,0.5041,2024,521800.53,True,True,3.1432045436905183,-8.061789655400926,2.6272020372223697,16.162376008794386,-5.351555164548738,-11.479238689576587,-5.488088445406268,0.9254940024173425,-2.364036170766939,-14.555122904198848,-3.1317919275977784,12.844957506458549,161.53028889139443,-22884.274141016453,115.1307891214913,23834.48212709081,Equivalent at latest observed production; not a forecast of planted area or 2026/27 output,"Crop yield, not fiscal revenue; do not add to macro value-added losses"
PHL,rice,2026,-2.2866745661387684,-5.8589860104844815,-2.189646350512926,0.8288406847709142,0.8911,2024,19087135.43,True,True,-5.01218862454697,-8.935536220576324,-4.854899657297723,-1.6230731833888923,-5.184611703355883,-10.460952375428759,-5.457615020828448,0.18808178939401854,-9.933503613009915,-16.285259498544434,-9.972587740466937,-3.752652939963457,436460.67128227174,-158201.94400116405,417940.76436045463,1118312.5946459265,Equivalent at latest observed production; not a forecast of planted area or 2026/27 output,"Crop yield, not fiscal revenue; do not add to macro value-added losses"
PHL,sugar,2026,-2.003130008520074,-6.081451066445288,-1.864790465782273,1.6374842027942098,0.8208,2024,18694653.05,True,False,-2.5269896885855787,-8.20395074760347,-2.628899892490172,3.537962907063689,,,,,,,,,374478.2052332633,-306121.9904609361,348616.10768747487,1136906.1772774714,Equivalent at latest observed production; not a forecast of planted area or 2026/27 output,"Crop yield, not fiscal revenue; do not add to macro value-added losses"
PNG,cocoa,2026,-0.3588785789017651,-5.008328116662928,-0.32605408858783047,4.283176572709226,0.5561,2024,45000.0,True,False,-5.181140732073912,-12.594953430530731,-5.118244728433248,2.1030859803692015,,,,,,,,,161.49536050579428,-1927.4294577191522,146.7243398645237,2253.7476524983163,Equivalent at latest observed production; not a forecast of planted area or 2026/27 output,"Crop yield, not fiscal revenue; do not add to macro value-added losses"
PNG,coconut,2026,-2.2521837246797762,-6.276843710254,-2.3248027719317528,2.0084970723340567,0.8353,2024,1250137.89,True,False,-1.94669708708328,-7.147738302062568,-2.047352168551227,3.597238986144993,,,,,,,,,28155.402094635163,-25108.982920788796,29063.240319689125,78469.20151796706,Equivalent at latest observed production; not a forecast of planted area or 2026/27 output,"Crop yield, not fiscal revenue; do not add to macro value-added losses"
PNG,coffee,2026,-0.10096847048079718,-4.932113387389547,-0.061786497182551685,4.611806408919274,0.5117,2024,50400.0,True,False,0.8560788662747616,-7.855886176572563,0.5100479268353583,10.724648649518029,,,,,,,,,50.88810912232178,-2324.350430095316,31.14039458000605,2485.785147244331,Equivalent at latest observed production; not a forecast of planted area or 2026/27 output,"Crop yield, not fiscal revenue; do not add to macro value-added losses"
PNG,maize,2026,-1.6672656386248061,-5.1426564343829835,-1.778381408321391,2.11042991386659,0.8063,2024,12926.25,True,False,0.7565858722843716,-11.805702696398173,-0.25498839869109985,15.348462093840382,,,,,,,,,215.51492461273904,-272.7994467411808,229.87802679314382,664.7526273494301,Equivalent at latest observed production; not a forecast of planted area or 2026/27 output,"Crop yield, not fiscal revenue; do not add to macro value-added losses"
PNG,palm,2026,0.3057485996092873,-4.052891834794137,0.29071383067222784,4.67955768274809,0.455,2024,3513071.92,True,False,-0.03506402894703626,-7.184459945396976,-0.1396680260121256,7.406952410723789,,,,,,,,,-10741.168198667101,-164396.22693282593,-10212.985952902382,142381.00499612556,Equivalent at latest observed production; not a forecast of planted area or 2026/27 output,"Crop yield, not fiscal revenue; do not add to macro value-added losses"
PNG,rice,2026,-2.1629951106412624,-5.316023888900552,-2.0527037174324905,0.5725245133136413,0.9071,2024,882.53,True,False,0.3083224291055452,-8.290384488173673,0.070336448305814,9.177510419400166,,,,,,,,,19.089080749942333,-5.052700587346901,18.11572611745696,46.91550562671402,Equivalent at latest observed production; not a forecast of planted area or 2026/27 output,"Crop yield, not fiscal revenue; do not add to macro value-added losses"
PNG,sugar,2026,-0.4910198309451885,-4.210597822079429,-0.7004552962612693,4.005524096776334,0.6275,2024,306329.68,True,False,-0.7090633504165066,-16.962670603391846,-0.6303686842897074,13.048540856880999,,,,,,,,,1504.1394768709365,-12270.109147977837,2145.7024675801986,12898.310834462885,Equivalent at latest observed production; not a forecast of planted area or 2026/27 output,"Crop yield, not fiscal revenue; do not add to macro value-added losses"
SLB,cocoa,2026,0.5599933116357219,-3.500304645476809,0.5035223284108379,4.7561701861535,0.4192,2024,4200.0,True,False,-2.187756777658333,-15.10635011149875,-2.043741371391704,10.863511055312227,,,,,,,,,-23.519719088700313,-199.75914781844702,-21.147937793255192,147.01279511002585,Equivalent at latest observed production; not a forecast of planted area or 2026/27 output,"Crop yield, not fiscal revenue; do not add to macro value-added losses"
SLB,coconut,2026,-2.4355783284570047,-6.656255045661026,-2.487088152166544,1.90137982257935,0.8462,2024,121119.02,True,False,-2.6735071171431803,-7.219030164364184,-2.6768556080598955,1.9408341766824229,,,,,,,,,2949.948602759505,-2302.932607585848,3012.336796440227,8061.990880005187,Equivalent at latest observed production; not a forecast of planted area or 2026/27 output,"Crop yield, not fiscal revenue; do not add to macro value-added losses"
SLB,palm,2026,-0.34952254688522055,-5.084710429614985,-0.3981758958639701,4.315699601651886,0.557,2024,217320.84,True,False,0.33478211022462123,-7.048546667699048,0.2748405312876616,7.66746520704738,,,,,,,,,759.5853348803552,-9378.914626186535,865.3192015691051,11050.135417206891,Equivalent at latest observed production; not a forecast of planted area or 2026/27 output,"Crop yield, not fiscal revenue; do not add to macro value-added losses"
SLB,rice,2026,-1.9841068110925386,-5.5872567589445525,-1.9447980017884563,1.5937180554342538,0.8487,2024,2756.01,True,False,-14.184757211715315,-27.402870471552855,-13.820736550724755,-1.5809695821396414,,,,,,,,,54.682182124391474,-43.923028979573594,53.598827409090035,153.9853550021877,Equivalent at latest observed production; not a forecast of planted area or 2026/27 output,"Crop yield, not fiscal revenue; do not add to macro value-added losses"
THA,cocoa,2026,0.16483427069626652,-4.334425670308598,0.12464683147392899,4.975232655378598,0.4786,2024,122.6,True,False,1.484165876618417,-8.313759534011243,1.18400183488195,12.329681049275216,,,,,,,,,-0.20208681587362276,-6.099635235494165,-0.15281701538703693,5.314005871798341,Equivalent at latest observed production; not a forecast of planted area or 2026/27 output,"Crop yield, not fiscal revenue; do not add to macro value-added losses"
THA,coconut,2026,-2.455063138446505,-6.5263046578030925,-2.5202862838187463,1.8428918019131213,0.8484,2024,975238.13,True,True,-2.0851954926717866,-6.79251284293617,-2.1719541957410238,2.8665904669996753,-10.539276219183067,-21.25881910686843,-11.14923046247629,0.4680939658177601,-12.394657986848898,-23.739715760084948,-12.797534931948205,-0.16820409724526109,23942.711841705008,-17972.583546900863,24578.792824960434,63647.01150286175,Equivalent at latest observed production; not a forecast of planted area or 2026/27 output,"Crop yield, not fiscal revenue; do not add to macro value-added losses"
THA,coffee,2026,0.16371039844579513,-4.708732838214015,0.11954242545076296,5.077722949867838,0.4793,2024,16623.48,True,True,0.662634874283534,-7.075867669750059,0.3482677200548849,9.369546274381403,-7.230155727038468,-18.057601491747757,-7.490805302685766,3.9723225787703083,-6.585978140517656,-19.55476870539413,-6.887790153066923,7.216790831131964,-27.214365343557066,-844.0942590266902,-19.872111186322492,782.7552616139391,Equivalent at latest observed production; not a forecast of planted area or 2026/27 output,"Crop yield, not fiscal revenue; do not add to macro value-added losses"
THA,maize,2026,-2.226102605396611,-5.838282645227432,-2.212744523258434,1.4461854778444392,0.8673,2024,4558192.0,True,True,-8.416084618492516,-13.621106773039203,-8.314358839325086,-3.5892919611124103,-2.818166191980027,-7.6076858247657455,-2.737130818656527,1.7544037564492132,-10.994561180681538,-17.959369302076045,-10.919671243215717,-4.64432170252021,101470.0308709799,-65919.91075626703,100861.14383960408,266120.1324721451,Equivalent at latest observed production; not a forecast of planted area or 2026/27 output,"Crop yield, not fiscal revenue; do not add to macro value-added losses"
THA,palm,2026,-0.6542392395357081,-5.45964546042952,-0.5689129344442756,3.8927057184714595,0.5899,2024,18606769.0,True,True,1.2506213636886372,-6.360269182003777,0.9525829191419822,9.951473418607748,-1.4824953232247304,-8.699862379053068,-1.7549291212488445,6.2065068253142845,-0.200903790123214,-11.507544356678597,-0.8048781082275664,12.13586887290246,121732.78400776586,-724306.7608857749,105856.31552316781,1015863.6190411069,Equivalent at latest observed production; not a forecast of planted area or 2026/27 output,"Crop yield, not fiscal revenue; do not add to macro value-added losses"
THA,rice,2026,-2.5009303266341405,-5.979358573528934,-2.381829169103435,0.5009386237296789,0.9167,2024,33551336.65,True,True,-3.21295178317273,-7.6954695950078,-3.099386013142186,0.8651977034379695,-0.2497797900507059,-5.126283224739404,0.003729496057631727,4.433254181175026,-3.4677173853907357,-9.470801209616765,-3.3022327213908547,2.07294677560779,839095.553270965,-168071.60405742138,799135.5229537911,2006154.7245153298,Equivalent at latest observed production; not a forecast of planted area or 2026/27 output,"Crop yield, not fiscal revenue; do not add to macro value-added losses"
THA,sugar,2026,-1.5205844148018004,-5.36699328262807,-1.5094953633983423,2.3389726375297126,0.7689,2024,82435400.0,True,True,3.204656237330268,-2.930507632983942,2.8872968301591637,10.51917147435535,-4.745403953729321,-9.282641790128174,-4.832981117999983,0.12276426371348452,-1.690319142743501,-9.628263078452049,-1.7873775735214181,6.4677409462335325,1253499.8446795235,-1928141.4496381695,1244358.5407988774,4424302.38050758,Equivalent at latest observed production; not a forecast of planted area or 2026/27 output,"Crop yield, not fiscal revenue; do not add to macro value-added losses"
TON,coconut,2026,-2.386080665663306,-6.624897473601939,-2.442323131622843,1.8501694597149003,0.8413,2024,69069.62,True,False,-2.2093410208132527,-12.213467768951809,-2.1858196706297752,7.554147640942564,,,,,,,,,1648.0568486671157,-1277.9050151811348,1686.9033061839973,4575.791510406457,Equivalent at latest observed production; not a forecast of planted area or 2026/27 output,"Crop yield, not fiscal revenue; do not add to macro value-added losses"
TON,coffee,2026,0.5293405672204117,-3.747509348317227,0.45579254692431836,5.118830709001626,0.4293,2024,15.18,True,False,0.08973614832352612,-5.284075734521181,0.028728266190500392,5.711385500247547,,,,,,,,,-0.08035389810405849,-0.7770385016264469,-0.06918930862311151,0.5688719190745547,Equivalent at latest observed production; not a forecast of planted area or 2026/27 output,"Crop yield, not fiscal revenue; do not add to macro value-added losses"
VNM,coconut,2026,-2.2653646286070965,-6.34137428344678,-2.3151611222224227,1.9727305818196064,0.8405,2024,2280323.0,True,False,-2.6547473988569674,-7.805424687010272,-2.6358413860720473,2.447497183793459,,,,,,,,,51657.6306599922,-44984.629185266385,52793.15155709602,144603.81630152208,Equivalent at latest observed production; not a forecast of planted area or 2026/27 output,"Crop yield, not fiscal revenue; do not add to macro value-added losses"
VNM,coffee,2026,0.2772562854729685,-4.251526847453671,0.29845868853734103,4.841386203107774,0.4535,2024,2015289.0,True,True,-1.291703734522135,-8.271436080036237,-1.3251060276892463,5.803453296420081,-2.8283254212353715,-10.153777032099036,-2.6054471302947277,3.9252478573494494,-4.0793888261781195,-13.69471884974683,-4.4053749136409595,6.33075305419177,-5587.515422945333,-97567.92359874866,-6014.805119637294,85680.55288878061,Equivalent at latest observed production; not a forecast of planted area or 2026/27 output,"Crop yield, not fiscal revenue; do not add to macro value-added losses"
VNM,maize,2026,-1.6575890034456258,-4.8995202558530835,-1.7370018371542728,1.887181613147336,0.819,2024,4402173.0,True,True,-0.05572342881665976,-4.206571238825516,-0.20020782726086866,4.470453315702443,-6.709537656870537,-11.400466777273175,-6.462443514409333,-2.6612370881792797,-6.757437924713004,-13.204286486942726,-6.507918238464292,-0.9517996079056057,72969.9355606524,-83076.99943493653,76465.82588470937,215685.35783269518,Equivalent at latest observed production; not a forecast of planted area or 2026/27 output,"Crop yield, not fiscal revenue; do not add to macro value-added losses"
VNM,rice,2026,-1.457548982473905,-4.703413468008043,-1.5234125656170634,2.0704050018071194,0.7922,2024,43450449.0,True,True,-1.2645006376215733,-4.7078137910900315,-1.329722705113535,2.436527369061502,-2.2913913736261327,-5.279822456469251,-2.3739065549429577,1.046641415504519,-3.5266498607143992,-8.158929786408898,-3.5691904788918922,1.0959413580140522,633311.5772798429,-899600.2694036551,661929.5998830337,2043654.2701759657,Equivalent at latest observed production; not a forecast of planted area or 2026/27 output,"Crop yield, not fiscal revenue; do not add to macro value-added losses"
VNM,sugar,2026,-1.4706353352358132,-5.0633669936163335,-1.407377913581941,1.977877412891171,0.7762,2024,11843772.9,True,True,3.9385193247964976,-1.0052395903948497,3.7917144124048603,9.353189166503453,0.8263939226822881,-2.279005320121248,0.9530371042831522,4.0032917931089225,4.7934589193165085,-0.8271694426182028,4.621281570195347,10.923961698077017,174178.7092924834,-234255.30902322585,166686.6439294034,599693.687817476,Equivalent at latest observed production; not a forecast of planted area or 2026/27 output,"Crop yield, not fiscal revenue; do not add to macro value-added losses"
VUT,cocoa,2026,0.06957385484003392,-4.597283238315003,0.0015576381109722712,4.99233755939892,0.4999,2024,1500.0,True,False,20.01709819435578,1.2431296757839458,18.628343738432747,42.538082202872246,,,,,,,,,-1.043607822600509,-74.88506339098382,-0.023364571664584066,68.95924857472502,Equivalent at latest observed production; not a forecast of planted area or 2026/27 output,"Crop yield, not fiscal revenue; do not add to macro value-added losses"
VUT,coconut,2026,-2.7012227561899906,-6.833429875092008,-2.7151169502842833,1.4630949714029582,0.8682,2024,365332.03,True,False,-3.0191459664509086,-7.308562985937968,-3.011884845781562,1.2592112703657483,,,,,,,,,9868.431930010845,-5345.154559854349,9919.191871347663,24964.7080813001,Equivalent at latest observed production; not a forecast of planted area or 2026/27 output,"Crop yield, not fiscal revenue; do not add to macro value-added losses"
VUT,coffee,2026,-0.04708241637263692,-4.859940943058608,-0.01443848554144168,4.6918929843466906,0.5019,2024,13.43,True,False,7.771689288141421,-4.2161712135217275,6.936276330341144,22.839257944931397,,,,,,,,,0.0063231685188451375,-0.6301212277977607,0.0019390886082156177,0.6526900686527702,Equivalent at latest observed production; not a forecast of planted area or 2026/27 output,"Crop yield, not fiscal revenue; do not add to macro value-added losses"
VUT,maize,2026,-1.7207541146136294,-4.321220542976249,-1.7860984982309027,1.196301176889309,0.8657,2024,985.44,True,False,-2.4866225016376524,-5.242455369284871,-2.5396213389495124,0.4321054723578854,,,,,,,,,16.95699934704855,-11.788830317538014,17.600929040966605,42.58303571870514,Equivalent at latest observed production; not a forecast of planted area or 2026/27 output,"Crop yield, not fiscal revenue; do not add to macro value-added losses"
WSM,cocoa,2026,-0.1311236174357299,-4.7949446570862175,-0.0613096366118204,4.528047058532995,0.5094,2024,482.72,True,False,-5.729601513146147,-20.638313824953503,-7.144469178200023,12.91467984730381,,,,,,,,,0.6329599260857555,-21.85778876095048,0.29595387785257943,23.146156848686584,Equivalent at latest observed production; not a forecast of planted area or 2026/27 output,"Crop yield, not fiscal revenue; do not add to macro value-added losses"
WSM,coconut,2026,-2.98787700417209,-7.3480080285447285,-2.904880385385243,1.093800707321747,0.8963,2024,64660.58,True,False,-2.447635908786641,-14.872293843452981,-2.353497612989055,9.804106114785009,,,,,,,,,1931.9786005842977,-707.2578813983487,1878.3125054963336,4751.264609703587,Equivalent at latest observed production; not a forecast of planted area or 2026/27 output,"Crop yield, not fiscal revenue; do not add to macro value-added losses"
WSM,coffee,2026,0.09036531167208357,-4.729208409378972,0.07992178381621182,4.939165939748984,0.4848,2024,11.79,True,False,-6.039079678866032,-12.865777301732443,-6.022932997513454,0.6269060025351555,,,,,,,,,-0.010654070246138651,-0.5823276642964053,-0.009422778311931371,0.5575736714657805,Equivalent at latest observed production; not a forecast of planted area or 2026/27 output,"Crop yield, not fiscal revenue; do not add to macro value-added losses"
WSM,sugar,2026,-1.7153584361061007,-4.858184609218845,-1.6613375660763776,1.2419187555963016,0.8379,2024,11.93,True,False,-1.7153584361061007,-4.858184609218845,-1.6613375660763776,1.2419187555963016,,,,,,,,,0.2046422614274578,-0.1481609075426391,0.19819757163291185,0.579581423879808,Equivalent at latest observed production; not a forecast of planted area or 2026/27 output,"Crop yield, not fiscal revenue; do not add to macro value-added losses"
AUS,maize,2027,-3.8686611867040077,-9.828164379891815,-3.8319073177828393,1.6694624865337302,0.8803,2024,447027.0,True,True,-6.45505993918385,-19.088035174207864,-7.093542850051396,8.04993828892198,-5.073680421150206,-13.357621317200673,-5.065984922744871,3.478206019474147,-11.37956317966981,-23.49056617201254,-11.356610988232099,0.7876425015528805,17293.96004308732,-7462.948069677144,17129.66032546509,43934.548382498964,Equivalent at latest observed production; not a forecast of planted area or 2026/27 output,"Crop yield, not fiscal revenue; do not add to macro value-added losses"
AUS,rice,2027,-3.6769057916122265,-9.353045253988336,-3.5828275772883194,1.7601677515928429,0.8729,2024,619180.0,True,True,-12.40608899121001,-45.03039588849722,-14.421610903604016,27.37245516880497,0.49426635491043164,-12.85427663496075,-0.4190905725717537,17.207320405981925,-13.155506282426783,-41.42581761745182,-14.390754335145616,19.470841966734103,22766.66528050458,-10898.606684312577,22184.151793053818,57912.185603644975,Equivalent at latest observed production; not a forecast of planted area or 2026/27 output,"Crop yield, not fiscal revenue; do not add to macro value-added losses"
AUS,sugar,2027,0.07656548063062028,-5.610052250998703,-0.00017436622868885796,6.009753516608298,0.5,2024,29855156.0,True,True,-0.7532225660682831,-7.768136766564238,-0.9333939108795068,6.789869805949359,-7.4281808466914345,-20.265977913809945,-7.328082446584306,6.1191881433688255,-8.161676008186722,-22.089568097402747,-7.842239841925895,4.692808506446353,-22858.743684421475,-1794221.2875988954,52.0573095863753,1674889.8512171744,Equivalent at latest observed production; not a forecast of planted area or 2026/27 output,"Crop yield, not fiscal revenue; do not add to macro value-added losses"
FJI,cocoa,2027,-0.6854105921585572,-8.154040414634082,-0.7741612808702789,7.095848833543548,0.5737,2024,215.9,True,False,-32.498478658714085,-62.43155141157755,-34.8928451192791,5.172942902212659,,,,,,,,,1.479801468470325,-15.319937631620526,1.6714142053989323,17.604573255194982,Equivalent at latest observed production; not a forecast of planted area or 2026/27 output,"Crop yield, not fiscal revenue; do not add to macro value-added losses"
FJI,coconut,2027,-5.856214318896054,-12.537791723485705,-5.779720523289086,0.514818874261908,0.9374,2024,25000.0,True,False,-1.8047593487582727,-23.821267364397574,-5.946940878496076,32.33949472245323,,,,,,,,,1464.0535797240134,-128.70471856547712,1444.9301308222716,3134.4479308714253,Equivalent at latest observed production; not a forecast of planted area or 2026/27 output,"Crop yield, not fiscal revenue; do not add to macro value-added losses"
FJI,coffee,2027,2.2455294303612843,-4.910805027292718,2.1365886252220685,9.999655963287287,0.2969,2024,14.23,True,False,-23.31111006463381,-49.777366779342906,-23.246989201048322,4.223000645764146,,,,,,,,,-0.31953883794041077,-1.422951043575781,-0.30403656136910034,0.6988075553837538,Equivalent at latest observed production; not a forecast of planted area or 2026/27 output,"Crop yield, not fiscal revenue; do not add to macro value-added losses"
FJI,maize,2027,-2.3490758769877425,-8.165470996842796,-2.4928847063455524,4.083466110237866,0.7599,2024,2421.0,True,True,-38.96945057725401,-62.73765189366722,-40.48945800095004,-10.21984317869382,31.950797059523826,4.693000310214456,25.640740907571082,77.59425362637717,-20.40826993447434,-51.806567572446,-23.043149530136038,19.171711283055846,56.87112698187325,-98.8607145288588,60.352738740625824,197.68605283356393,Equivalent at latest observed production; not a forecast of planted area or 2026/27 output,"Crop yield, not fiscal revenue; do not add to macro value-added losses"
FJI,rice,2027,-5.423979756903575,-11.708885171439388,-5.2931096291467155,0.26442850623033737,0.9424,2024,8597.5,True,True,2.831205293357621,-14.588815282457299,1.9352826380005206,23.129113431582226,-3.3857897638482792,-33.243783639308496,-4.501688969324866,27.629003810104653,-1.8222483028275382,-26.81306382904777,-3.9267514830380676,29.78269781373169,466.32665959978476,-22.73424082315345,455.0751003658889,1006.6714026145011,Equivalent at latest observed production; not a forecast of planted area or 2026/27 output,"Crop yield, not fiscal revenue; do not add to macro value-added losses"
FJI,sugar,2027,-3.2593693441928346,-9.7994966575335,-3.065982524092144,2.439614844483535,0.8236,2024,1332000.0,True,False,-7.538310435507432,-16.04497806505834,-7.439629188866341,0.77979631965932,,,,,,,,,43414.799664648555,-32495.66972852069,40838.88722090736,130529.29547834619,Equivalent at latest observed production; not a forecast of planted area or 2026/27 output,"Crop yield, not fiscal revenue; do not add to macro value-added losses"
IDN,cocoa,2027,-0.7771489699335219,-7.892221749072742,-0.7737593589704905,6.334172265560806,0.5719,2024,632702.0,True,True,4.817707497801164,-10.42412608716925,4.1724253424375215,22.229173662849398,-6.823570180445129,-16.72284972896337,-7.120251110888336,4.2928371577968125,-2.2476124787389824,-21.972616456062546,-2.424725819758793,18.83255549968317,4917.037075748792,-40076.43460764855,4895.5909393934735,49934.24485081822,Equivalent at latest observed production; not a forecast of planted area or 2026/27 output,"Crop yield, not fiscal revenue; do not add to macro value-added losses"
IDN,coconut,2027,-4.056779783318991,-9.415522319553927,-3.981249183563146,0.9002409801373341,0.912,2024,17985386.2,True,False,-6.712678939534709,-12.67256391582332,-6.588031764745329,-1.2493119239825765,,,,,,,,,729627.5113134435,-161911.8170083652,716043.0412481787,1693418.051918972,Equivalent at latest observed production; not a forecast of planted area or 2026/27 output,"Crop yield, not fiscal revenue; do not add to macro value-added losses"
IDN,coffee,2027,3.0301078597993922,-2.945032975590018,2.8492030706144877,9.705056456836024,0.2058,2024,807578.0,True,True,-1.1318247864437723,-8.468005486768075,-1.2199999959985748,6.612709928518038,-8.887367717767667,-28.70072247639374,-10.154258810910694,10.767158374506744,-9.912463301388382,-30.268220354061995,-11.012153693667644,11.548544157031303,-24470.484452010733,-78375.90083298727,-23009.537173607067,23783.43840361035,Equivalent at latest observed production; not a forecast of planted area or 2026/27 output,"Crop yield, not fiscal revenue; do not add to macro value-added losses"
IDN,maize,2027,-2.7672473501975317,-6.932744445946064,-2.8752373695830307,1.8253199495162433,0.8682,2024,15138912.0,True,True,10.177807222344473,-5.700910489818659,9.90733369882345,26.673234864528833,-15.224670680855459,-29.54294753004685,-15.204194459137042,-1.135019634910271,-6.655856012309811,-25.847662170509572,-6.978704970043934,13.95887441217379,418931.14116873615,-276333.580875709,435279.6551722898,1049542.080856661,Equivalent at latest observed production; not a forecast of planted area or 2026/27 output,"Crop yield, not fiscal revenue; do not add to macro value-added losses"
IDN,palm,2027,-0.5201528787451479,-6.785028177017199,-0.6351555855728048,5.957718244207498,0.5677,2024,243000000.0,True,False,0.6008600543964235,-7.2330964947070235,0.4913419776165997,8.72920691373255,,,,,,,,,1263971.4953507094,-14477255.333424231,1543428.0729419158,16487618.47015179,Equivalent at latest observed production; not a forecast of planted area or 2026/27 output,"Crop yield, not fiscal revenue; do not add to macro value-added losses"
IDN,rice,2027,-4.4754104822019976,-8.643786601929149,-4.405340408750268,-0.6068153217620209,0.9694,2024,53142727.0,True,True,-3.989816946845773,-8.923020752321166,-3.891664298035997,0.6612667153778002,-7.177981508670347,-25.054076241243354,-7.893935709948291,10.873170323900505,-10.905507765427641,-28.131606117884964,-11.300280402981052,6.73829028937256,2378355.174685991,322478.20983816206,2341118.026842839,4593543.9163257815,Equivalent at latest observed production; not a forecast of planted area or 2026/27 output,"Crop yield, not fiscal revenue; do not add to macro value-added losses"
IDN,sugar,2027,-1.3182370871915652,-7.082027808129864,-1.2344500104144953,4.338602638545611,0.6562,2024,32000000.0,True,False,-2.351658722833038,-11.05893190982237,-2.341413322821709,6.35857657994424,,,,,,,,,421835.86790130084,-1388352.8443345954,395024.00333263853,2266248.8986015557,Equivalent at latest observed production; not a forecast of planted area or 2026/27 output,"Crop yield, not fiscal revenue; do not add to macro value-added losses"
MYS,cocoa,2027,-0.4693135285521286,-7.615839045040728,-0.6204352327661922,7.2592630292146945,0.5637,2024,445.0,True,True,-6.966960412584423,-23.37257107088736,-8.008319621188175,12.097477377388545,-3.5069066447626573,-17.499516039868904,-3.5260163637480098,10.47949235611169,-10.600316126479195,-27.205649028197733,-11.008790479652228,7.608164792248755,2.0884452020569726,-32.30372048000541,2.760936785809555,33.89048375043124,Equivalent at latest observed production; not a forecast of planted area or 2026/27 output,"Crop yield, not fiscal revenue; do not add to macro value-added losses"
MYS,coconut,2027,-6.277728035078367,-12.47186866078006,-6.159128838213033,-0.3691849564719884,0.9589,2024,673553.37,True,True,-9.175768520690847,-16.989306332378586,-9.05676255669249,-1.9405876809599827,-3.7137676185982724,-14.258893464187272,-3.766574244220906,7.0223389478189535,-12.539698562932513,-24.862985935023737,-12.467881471366438,-0.3664642624363397,42283.848739705114,2486.6577158501054,41485.019852425736,84004.69166665793,Equivalent at latest observed production; not a forecast of planted area or 2026/27 output,"Crop yield, not fiscal revenue; do not add to macro value-added losses"
MYS,coffee,2027,3.223745242413857,-3.5256003110116465,3.063263702816456,10.67325634123235,0.2255,2024,2861.29,True,False,5.500853525925502,-12.434739938691793,5.417824884565097,23.847424128391406,,,,,,,,,-92.24070024666345,-305.3928163660471,-87.64885800231698,100.87764913894509,Equivalent at latest observed production; not a forecast of planted area or 2026/27 output,"Crop yield, not fiscal revenue; do not add to macro value-added losses"
MYS,maize,2027,-1.6970503099943037,-7.650854882600471,-1.9154821642488726,5.046993063739927,0.7059,2024,1317.23,True,False,5.699969924726561,-11.940789152713354,5.034585000077936,26.91901636384578,,,,,,,,,22.35405579833797,-66.48050673350149,25.231305712135423,100.7793557700781,Equivalent at latest observed production; not a forecast of planted area or 2026/27 output,"Crop yield, not fiscal revenue; do not add to macro value-added losses"
MYS,palm,2027,-4.080534269710858,-10.726708733521477,-3.921521428299222,2.02027774817291,0.8624,2024,100163525.0,True,False,-2.351855817880293,-9.45774746238885,-2.238249418988384,4.772028648873982,,,,,,,,,4087206.9633754026,-2023581.4073606103,3927934.0962148486,10744249.583977966,Equivalent at latest observed production; not a forecast of planted area or 2026/27 output,"Crop yield, not fiscal revenue; do not add to macro value-added losses"
MYS,rice,2027,-6.049672174550559,-11.401607929798917,-5.802159410453346,-1.6173387602761367,0.9908,2024,2102960.0,True,False,-5.872432561815402,-11.95081506608033,-5.7344061759346125,-0.28557069609840297,,,,,,,,,127222.18596192842,34011.987193103036,122017.09153806968,239771.25412049927,Equivalent at latest observed production; not a forecast of planted area or 2026/27 output,"Crop yield, not fiscal revenue; do not add to macro value-added losses"
MYS,sugar,2027,-1.648204800961224,-7.917106042877882,-1.6607562685931319,4.51215381126969,0.681,2024,16924.97,True,False,63.7296958436938,-7.245590590962313,43.764736463103404,193.11398287194575,,,,,,,,,278.95816810124694,-763.6806789112533,281.082500232507,1339.967822625268,Equivalent at latest observed production; not a forecast of planted area or 2026/27 output,"Crop yield, not fiscal revenue; do not add to macro value-added losses"
PHL,cocoa,2027,-1.3145692038408225,-8.290183441677685,-1.30626998950163,5.633521886316434,0.6336,2024,10843.53,True,True,-1.2231707081185412,-13.467553344729621,-1.6394956748766205,12.52268574920615,-2.7803557916619783,-12.502517387993057,-3.516610655491263,7.6380011328209285,-3.890630493307984,-19.992993461669933,-4.600054523376864,15.160847531289056,142.54570598924076,-610.8726357992884,141.64577819260614,898.9485285533519,Equivalent at latest observed production; not a forecast of planted area or 2026/27 output,"Crop yield, not fiscal revenue; do not add to macro value-added losses"
PHL,coconut,2027,-7.4487380087519695,-14.651123819180414,-7.269995363944215,-1.0417226578881635,0.9712,2024,14500416.25,True,True,-9.361685436198629,-16.82667925003696,-9.129876969469336,-2.764185237807505,-5.250190732868864,-18.629332696360066,-4.9753552624839426,7.585803956443504,-14.103376472064337,-28.257320811981863,-13.965957712778959,-0.2968499130345823,1080098.016640997,151054.12156434686,1054179.5891276137,2124473.9390840568,Equivalent at latest observed production; not a forecast of planted area or 2026/27 output,"Crop yield, not fiscal revenue; do not add to macro value-added losses"
PHL,coffee,2027,0.37990704949628545,-6.422759794748849,0.3579379632247084,6.988993952744288,0.4629,2024,64000.0,True,True,-0.27198560589460885,-7.72456860332012,-0.32997758200786403,7.352264248114046,3.959659424208432,-8.466508696875671,3.6144067072391124,18.53854710150774,3.6746260608347368,-10.855078377467294,3.2154437455630362,20.265979989317426,-243.1405116776227,-4472.956129756348,-229.0802964638134,4110.566268639263,Equivalent at latest observed production; not a forecast of planted area or 2026/27 output,"Crop yield, not fiscal revenue; do not add to macro value-added losses"
PHL,maize,2027,-2.265174968292476,-6.289015787584943,-2.317379882109836,1.734983956177469,0.8323,2024,8138177.93,True,True,-6.217136970301867,-11.813854540426899,-6.196397187170662,-0.7947999615997573,-4.821453372169556,-17.565730527274244,-5.002786601474536,9.825290495120292,-10.710376729408482,-24.402379877980337,-10.889820190798948,3.5444225040190984,184343.96934546274,-141196.0814106758,188592.4981201227,511811.2948394535,Equivalent at latest observed production; not a forecast of planted area or 2026/27 output,"Crop yield, not fiscal revenue; do not add to macro value-added losses"
PHL,palm,2027,-0.42785447029886564,-6.922430282671743,-0.40965775452557607,6.0507873430103345,0.5426,2024,521800.53,True,True,2.710737203179548,-14.822813092352188,1.0422950738464407,25.42794016783382,-4.1211305813589645,-14.319164508686468,-4.218023853660016,5.811193232141067,-1.5000322629432508,-22.468212990884854,-2.5948160918158205,23.1983599559642,2232.546893648174,-31573.040425000854,2137.596334300555,36121.27790386165,Equivalent at latest observed production; not a forecast of planted area or 2026/27 output,"Crop yield, not fiscal revenue; do not add to macro value-added losses"
PHL,rice,2027,-5.710282935072106,-10.715354875345572,-5.5986551310135155,-1.269278481139212,0.9847,2024,19087135.43,True,True,-10.289662068201071,-17.04415027372261,-10.111843331168547,-4.200229671499052,-10.006334642556514,-19.7018526856383,-10.050451336765224,-0.04572636002862154,-19.176201589907805,-31.580324417456946,-19.19169146122828,-7.009662307595883,1089929.437253392,242268.90267888817,1068622.8871151935,2045254.2968623168,Equivalent at latest observed production; not a forecast of planted area or 2026/27 output,"Crop yield, not fiscal revenue; do not add to macro value-added losses"
PHL,sugar,2027,-2.2942292487304674,-8.435740596490591,-2.1338128624137744,3.2175602657286286,0.7409,2024,18694653.05,True,False,-7.416263706525387,-18.00377622849989,-7.7547523123534425,4.696894414056588,,,,,,,,,428898.1982217824,-601511.7283526256,398908.91136452905,1577032.4367119165,Equivalent at latest observed production; not a forecast of planted area or 2026/27 output,"Crop yield, not fiscal revenue; do not add to macro value-added losses"
PNG,cocoa,2027,-1.8647034081753837,-8.7787029487793,-1.8529230962943615,4.896920874429106,0.6839,2024,45000.0,True,False,-9.56348800011479,-20.238076994910784,-9.523542191686833,0.9529096807894164,,,,,,,,,839.1165336789228,-2203.614393493098,833.8153933324627,3950.4163269506826,Equivalent at latest observed production; not a forecast of planted area or 2026/27 output,"Crop yield, not fiscal revenue; do not add to macro value-added losses"
PNG,coconut,2027,-5.242153368628123,-11.52558027195817,-5.176993641548437,0.943401758836954,0.9232,2024,1250137.89,True,False,-0.6523788289154172,-9.349419699832806,-0.7631167957977135,8.426462894483082,,,,,,,,,65534.14551313152,-11793.822842147221,64719.55907588778,144085.64602211403,Equivalent at latest observed production; not a forecast of planted area or 2026/27 output,"Crop yield, not fiscal revenue; do not add to macro value-added losses"
PNG,coffee,2027,3.98344599246158,-3.1324566879106155,3.687438365332641,12.157940280996767,0.1847,2024,50400.0,True,False,2.0001347779966934,-12.256447946020666,1.2660416215846557,18.213660305831077,,,,,,,,,-2007.6567802006364,-6127.601901622375,-1858.468936127651,1578.7581707069498,Equivalent at latest observed production; not a forecast of planted area or 2026/27 output,"Crop yield, not fiscal revenue; do not add to macro value-added losses"
PNG,maize,2027,-2.9766002294838394,-9.07985590938096,-2.984335150541453,3.025103795602411,0.8093,2024,12926.25,True,False,8.993983966435385,-12.470802108698054,5.71487131614386,40.66183401906319,,,,,,,,,384.7627871636547,-391.0324793790569,385.7626223968646,1173.684874486356,Equivalent at latest observed production; not a forecast of planted area or 2026/27 output,"Crop yield, not fiscal revenue; do not add to macro value-added losses"
PNG,palm,2027,0.6315392514024091,-5.72492843351549,0.5707102269055956,7.053096811114665,0.4345,2024,3513071.92,True,False,-1.766634531346213,-12.691959529346391,-2.156979126116868,10.349460163351289,,,,,,,,,-22186.428104796236,-247780.36356168482,-20049.460725988763,201120.85323792847,Equivalent at latest observed production; not a forecast of planted area or 2026/27 output,"Crop yield, not fiscal revenue; do not add to macro value-added losses"
PNG,rice,2027,-3.830627726264822,-8.320673472467387,-3.6821861395829867,0.11325695170416895,0.9446,2024,882.53,True,False,-4.3142588676926925,-19.012643355460295,-4.887163905268794,12.282789944389233,,,,,,,,,33.80643887260493,-0.9995265758748146,32.49639733766173,73.43243959656641,Equivalent at latest observed production; not a forecast of planted area or 2026/27 output,"Crop yield, not fiscal revenue; do not add to macro value-added losses"
PNG,sugar,2027,-1.3434109224099187,-7.0222370147653805,-1.5252250451901603,4.762290918505051,0.6753,2024,306329.68,True,False,3.5775604547029145,-25.65936971800016,3.9860927884060153,28.861025171102284,,,,,,,,,4115.266379703352,-14588.310531325587,4672.217000210874,21511.19617617234,Equivalent at latest observed production; not a forecast of planted area or 2026/27 output,"Crop yield, not fiscal revenue; do not add to macro value-added losses"
SLB,cocoa,2027,-0.27234075649696926,-5.626565691637244,-0.3823873307400591,5.386534765733624,0.5481,2024,4200.0,True,False,0.35203439248874113,-20.540721465535402,-0.40068350563902966,22.7020617833334,,,,,,,,,11.438311772872707,-226.23446016081263,16.060267891082482,236.31575904876408,Equivalent at latest observed production; not a forecast of planted area or 2026/27 output,"Crop yield, not fiscal revenue; do not add to macro value-added losses"
SLB,coconut,2027,-5.35194456537454,-11.84316028030896,-5.276826301696798,0.8732151732719458,0.9229,2024,121119.02,True,False,-4.796610108008166,-12.318814270626627,-4.765814468466292,2.667011959110841,,,,,,,,,6482.222808524901,-1057.629660358288,6391.240303717406,14344.319668539463,Equivalent at latest observed production; not a forecast of planted area or 2026/27 output,"Crop yield, not fiscal revenue; do not add to macro value-added losses"
SLB,palm,2027,-1.8643012827351106,-9.019114487076076,-1.813312604236672,5.039580309437426,0.6773,2024,217320.84,True,False,-2.917517770558515,-15.34235384621481,-3.1041791925888207,10.313589189386686,,,,,,,,,4051.515207770717,-10952.058260944023,3940.7061833530106,19600.415363875418,Equivalent at latest observed production; not a forecast of planted area or 2026/27 output,"Crop yield, not fiscal revenue; do not add to macro value-added losses"
SLB,rice,2027,-4.182574406671662,-9.97780094092569,-4.170794576462523,1.479017008896938,0.8956,2024,2756.01,True,False,-32.26240999778282,-52.41363307573046,-31.942059958070416,-12.055724423312743,,,,,,,,,115.2721689053117,-40.76185666690052,114.94751560676481,274.9891917120061,Equivalent at latest observed production; not a forecast of planted area or 2026/27 output,"Crop yield, not fiscal revenue; do not add to macro value-added losses"
THA,cocoa,2027,-0.06524188062006028,-7.1888377913250245,-0.20310252960919536,7.705951890298027,0.5227,2024,122.6,True,False,-1.6679184719769233,-20.890771575971915,-3.163865679940641,22.57263130136477,,,,,,,,,0.07998654564019392,-9.447497017505382,0.24900370130087351,8.81351513216448,Equivalent at latest observed production; not a forecast of planted area or 2026/27 output,"Crop yield, not fiscal revenue; do not add to macro value-added losses"
THA,coconut,2027,-5.63312498339191,-11.910066381987992,-5.522190042150475,0.17253316080312925,0.9441,2024,975238.13,True,True,-7.069881417240516,-14.633337475709673,-6.984875203707102,0.20145843336085337,-8.266373285834089,-31.386730447494525,-9.095429881848595,17.91261567414741,-14.692819870746932,-37.383406256598796,-15.509787245605587,10.292404892424031,54936.38274859407,-1682.6091710463331,53854.50290211451,116151.5086654583,Equivalent at latest observed production; not a forecast of planted area or 2026/27 output,"Crop yield, not fiscal revenue; do not add to macro value-added losses"
THA,coffee,2027,2.350063408695803,-4.906114422105975,2.238940434400152,9.956261657239699,0.2909,2024,16623.48,True,True,-0.8685880978047382,-11.702755484046568,-1.268265407180051,11.4215581872937,4.950801289698089,-16.1100696708496,4.335349664853832,30.82702241752149,4.025187503017666,-19.233948823356734,2.987980386109318,32.21030052263885,-390.66232073186507,-1655.07716533891,-372.1898153244224,815.5669497359022,Equivalent at latest observed production; not a forecast of planted area or 2026/27 output,"Crop yield, not fiscal revenue; do not add to macro value-added losses"
THA,maize,2027,-1.149410167923857,-6.93029274953342,-1.3707047061284894,5.419151077100012,0.6503,2024,4558192.0,True,True,-5.509602189588626,-16.08460698850636,-5.477980955544498,4.87939116019457,-8.929074307138741,-22.40093505527703,-8.811323225922289,3.6646054647505553,-13.988988841451187,-28.874463552587873,-14.217805276714568,1.6795513027405198,52392.32232149182,-247015.31086428667,62479.352258372324,315896.04968581244,Equivalent at latest observed production; not a forecast of planted area or 2026/27 output,"Crop yield, not fiscal revenue; do not add to macro value-added losses"
THA,palm,2027,-3.328134859895224,-10.81645617817522,-3.1342527241672133,3.543263506896907,0.7815,2024,18606769.0,True,True,10.19136835115012,-3.87743778947363,9.9134966789557,25.491854946190657,-2.4897085652477218,-15.28160619702218,-3.061124668166422,11.137708745515548,7.616179430691775,-13.415482457350116,6.767908429618626,32.64574473191242,619258.365389178,-659286.855789607,583183.1642620005,2012593.0150592914,Equivalent at latest observed production; not a forecast of planted area or 2026/27 output,"Crop yield, not fiscal revenue; do not add to macro value-added losses"
THA,rice,2027,-2.611327792390188,-7.568517672520624,-2.530155491971018,2.0951298340758875,0.8188,2024,33551336.65,True,True,-0.3837971470961087,-7.48454258581283,-0.2710536875547944,6.4283979407951595,-4.520424391859478,-16.039635323510314,-4.966513767966665,7.837050447548545,-4.86961591472602,-18.648283513330284,-4.866451902155703,8.432960687752207,876135.378659845,-702944.0638853883,848900.9868796598,2539338.8437221376,Equivalent at latest observed production; not a forecast of planted area or 2026/27 output,"Crop yield, not fiscal revenue; do not add to macro value-added losses"
THA,sugar,2027,-2.7962939925998573,-9.401269140505576,-2.6057454259734936,3.119987151693035,0.7805,2024,82435400.0,True,True,2.458248662223603,-7.658366473577372,1.9851296198123007,14.0666405234233,-4.055162535053084,-13.874872851133942,-4.308066990201597,7.04360551614193,-1.7217715937279325,-16.311656486687,-1.531960819218008,11.89505349886685,2305136.1379756625,-2571973.888446761,2148056.6648829533,7749973.821052332,Equivalent at latest observed production; not a forecast of planted area or 2026/27 output,"Crop yield, not fiscal revenue; do not add to macro value-added losses"
TON,coconut,2027,-6.625672659416405,-13.552875768422426,-6.478492655301498,-0.23691778975736674,0.9553,2024,69069.62,True,False,5.55051927993438,-11.531840122383176,4.755679374013438,24.916152289210924,,,,,,,,,4576.326928302805,163.63821709781203,4474.670258744654,9360.919792321449,Equivalent at latest observed production; not a forecast of planted area or 2026/27 output,"Crop yield, not fiscal revenue; do not add to macro value-added losses"
TON,coffee,2027,1.207420802649617,-4.638172715944088,1.0702774047447021,7.372084791878163,0.3667,2024,15.18,True,False,1.6934624711200132,-6.235023034585653,1.62365540816351,9.975156381216545,,,,,,,,,-0.18328647784221186,-1.1190824714071068,-0.1624681100402458,0.7040746182803115,Equivalent at latest observed production; not a forecast of planted area or 2026/27 output,"Crop yield, not fiscal revenue; do not add to macro value-added losses"
VNM,coconut,2027,-3.886979634852075,-9.916163222654944,-3.9209895984992715,2.2145603628253614,0.8614,2024,2280323.0,True,False,-5.452211529360258,-13.605652965167952,-5.506608102746576,2.8891951169672145,,,,,,,,,88635.69061884789,-50499.12930239024,89411.22764218654,226120.55068374187,Equivalent at latest observed production; not a forecast of planted area or 2026/27 output,"Crop yield, not fiscal revenue; do not add to macro value-added losses"
VNM,coffee,2027,1.873913130201681,-4.974750243887279,1.8066091394612958,8.886629351579149,0.3184,2024,2015289.0,True,True,-1.8479569310711725,-15.871843303503466,-2.1157541412680256,13.032336660980452,4.709128900985061,-6.470786030679791,4.307490153050507,18.23297280011875,2.7639247905816227,-15.602228369727943,2.437463252414584,22.930536639571354,-37764.765182510164,-179091.26379314603,-36408.39526055816,100255.59444253349,Equivalent at latest observed production; not a forecast of planted area or 2026/27 output,"Crop yield, not fiscal revenue; do not add to macro value-added losses"
VNM,maize,2027,-0.9875260720749124,-6.069551142277661,-1.2244579239018716,4.830754670080123,0.651,2024,4402173.0,True,True,2.3306732926544655,-5.777392302839478,2.0997620289872736,11.43550020895921,-12.348943057020817,-23.14180369496759,-12.004534056466163,-2.832318973047236,-10.298476313530962,-23.649736431583833,-9.959289060562615,1.8419770850712913,43472.606112842324,-212658.17778250654,53902.75612236874,267192.1416065388,Equivalent at latest observed production; not a forecast of planted area or 2026/27 output,"Crop yield, not fiscal revenue; do not add to macro value-added losses"
VNM,rice,2027,-3.4752615969217104,-8.107520043944339,-3.5203082897056492,1.4821605194416831,0.889,2024,43450449.0,True,True,-2.975904029276337,-8.094799058700605,-3.0239039619247023,2.3573756849196092,-2.6375855510793786,-8.180747100039309,-2.59201255499233,2.6612876286479716,-5.523947904369873,-13.422608921207322,-5.357053237814757,1.816056829159729,1510016.7677870532,-644005.4005981439,1529589.7580613252,3522753.8618588117,Equivalent at latest observed production; not a forecast of planted area or 2026/27 output,"Crop yield, not fiscal revenue; do not add to macro value-added losses"
VNM,sugar,2027,-2.663194908563984,-7.89078687268964,-2.5721606925750184,2.3363461941506842,0.8191,2024,11843772.9,True,True,9.508018662297607,-0.30622937412137813,9.293892782366285,20.12146473119249,2.3781452849766502,-2.1541956070439885,2.2313660983199965,7.156340958440552,12.10318563085885,1.3722500599454979,11.84532645389561,24.068001981831664,315422.7568546809,-276711.5373930004,304640.87105165236,934566.8772243728,Equivalent at latest observed production; not a forecast of planted area or 2026/27 output,"Crop yield, not fiscal revenue; do not add to macro value-added losses"
VUT,cocoa,2027,-0.6694434242933103,-7.776551336519848,-0.7220034437266902,6.690817580677976,0.5723,2024,1500.0,True,False,18.190619898052326,-12.669238915652683,14.571071605414232,60.18635874732565,,,,,,,,,10.041651364399655,-100.36226371016973,10.830051655900355,116.64827004779771,Equivalent at latest observed production; not a forecast of planted area or 2026/27 output,"Crop yield, not fiscal revenue; do not add to macro value-added losses"
VUT,coconut,2027,-5.099269135464025,-11.59278989609807,-5.03280739716242,1.1499531812741912,0.9155,2024,365332.03,True,False,-4.710272061667437,-11.190128385610493,-4.668898299182343,1.7023550090552366,,,,,,,,,18629.263447754176,-4201.1473011986,18386.457430043636,42352.17466104996,Equivalent at latest observed production; not a forecast of planted area or 2026/27 output,"Crop yield, not fiscal revenue; do not add to macro value-added losses"
VUT,coffee,2027,2.3085983576801787,-4.886982333416918,2.213268447048182,9.911522481562276,0.2932,2024,13.43,True,False,12.146022265712027,-19.575191563500102,10.403918755288602,50.050177977893746,,,,,,,,,-0.310044759436448,-1.3311174692738141,-0.29724195243857077,0.6563217273778919,Equivalent at latest observed production; not a forecast of planted area or 2026/27 output,"Crop yield, not fiscal revenue; do not add to macro value-added losses"
VUT,maize,2027,-3.6875191927341824,-7.1756342391058485,-3.6571136754107894,-0.280019584284385,0.9587,2024,985.44,True,False,-5.31903916140513,-9.315306295920372,-5.26468291773995,-1.4451280206252322,,,,,,,,,36.33828913287973,2.759424991372034,36.038661002968084,70.71157004584461,Equivalent at latest observed production; not a forecast of planted area or 2026/27 output,"Crop yield, not fiscal revenue; do not add to macro value-added losses"
WSM,cocoa,2027,-1.717279662144598,-8.838656216153172,-1.742837316020223,5.330649016727993,0.663,2024,482.72,True,False,4.335021561918543,-28.156797261678662,-0.4303123095803611,54.33992747800439,,,,,,,,,8.289652385104404,-25.732108933549373,8.413024291892821,42.66596128661455,Equivalent at latest observed production; not a forecast of planted area or 2026/27 output,"Crop yield, not fiscal revenue; do not add to macro value-added losses"
WSM,coconut,2027,-6.636346585119118,-13.516565371349575,-6.387004413807599,-0.29872486875829435,0.956,2024,64660.58,True,False,-4.4458375836506105,-22.52740902431672,-4.968888241851163,14.568342515007554,,,,,,,,,4291.100192748216,193.15723274334846,4129.874098593595,8739.889565193784,Equivalent at latest observed production; not a forecast of planted area or 2026/27 output,"Crop yield, not fiscal revenue; do not add to macro value-added losses"
WSM,coffee,2027,3.188929629503023,-3.876855182962701,2.965693409902747,11.027467523957005,0.2377,2024,11.79,True,False,-7.850340765000168,-17.851143637640803,-7.875730026656665,1.9841966745085569,,,,,,,,,-0.37597480331840644,-1.3001384210745313,-0.3496552530275339,0.45708122607130086,Equivalent at latest observed production; not a forecast of planted area or 2026/27 output,"Crop yield, not fiscal revenue; do not add to macro value-added losses"
WSM,sugar,2027,-1.68834527536764,-5.8892935218198215,-1.6111820650815099,2.2831573125906495,0.7653,2024,11.93,True,False,-1.68834527536764,-5.8892935218198215,-1.6111820650815099,2.2831573125906495,,,,,,,,,0.20141959135135945,-0.2723806673920647,0.19221402036422408,0.7025927171531046,Equivalent at latest observed production; not a forecast of planted area or 2026/27 output,"Crop yield, not fiscal revenue; do not add to macro value-added losses"
