kind,model,year,country,actual,prediction,crps,covered90
agriculture,with_climate,2010,AUS,-0.007335590463036112,-0.008842753490413212,0.020092456942459095,True
agriculture,with_climate,2010,FJI,-0.026840473184368108,-0.006749418071449395,0.01608754173023164,True
agriculture,with_climate,2010,IDN,0.029613880074677468,0.016546926670495298,0.007881881077762014,True
agriculture,with_climate,2010,MYS,0.13449709593793457,-0.011833043606419319,0.12549673220577381,False
agriculture,with_climate,2010,PHL,0.013150455195923172,0.02414322788665749,0.008126946166828153,True
agriculture,with_climate,2010,PNG,0.027754055750673245,0.009492393191096314,0.017946615008171105,False
agriculture,with_climate,2010,SLB,0.1225773139001376,-0.008091343070484945,0.12047249348739138,False
agriculture,with_climate,2010,THA,-0.004589430789867066,0.033095560030220725,0.024851991274723578,True
agriculture,with_climate,2010,TON,0.04577397973342201,-0.0374260660812451,0.059974020031382025,False
agriculture,with_climate,2010,VNM,0.004848132802536043,0.02638530282968407,0.0169170087665758,False
agriculture,with_climate,2010,VUT,0.0453285366221472,0.010905663812815387,0.0229913590360325,True
agriculture,with_climate,2010,WSM,0.0246452282430063,-0.06345025077985303,0.06841293213806508,False
agriculture,baseline,2010,AUS,-0.007335590463036112,-0.007445657755895112,0.026443447477079714,True
agriculture,baseline,2010,FJI,-0.026840473184368108,0.043462635722756465,0.04232291563110542,True
agriculture,baseline,2010,IDN,0.029613880074677468,0.022625809770886823,0.0058183406250504645,True
agriculture,baseline,2010,MYS,0.13449709593793457,0.00584184451183966,0.10564070122292452,False
agriculture,baseline,2010,PHL,0.013150455195923172,0.02300188980018119,0.008551771376168013,True
agriculture,baseline,2010,PNG,0.027754055750673245,0.09665976313964963,0.06828837653075677,False
agriculture,baseline,2010,SLB,0.1225773139001376,0.06619570055116097,0.03742425876361536,True
agriculture,baseline,2010,THA,-0.004589430789867066,0.005454364350619197,0.02101017147323592,True
agriculture,baseline,2010,TON,0.04577397973342201,0.0092676290287074,0.021782937117489742,True
agriculture,baseline,2010,VNM,0.004848132802536043,0.041615680292015615,0.028353245840089993,False
agriculture,baseline,2010,VUT,0.0453285366221472,0.02204600636855341,0.022448390611276167,True
agriculture,baseline,2010,WSM,0.0246452282430063,0.01102569596192362,0.012420899928607457,True
agriculture,with_climate,2011,AUS,0.033238257653508185,0.09289072762970092,0.035885667313128956,True
agriculture,with_climate,2011,FJI,0.05872013704053103,2.666811295709559e-06,0.035601553516760746,True
agriculture,with_climate,2011,IDN,0.03871052056404167,0.041823303732654055,0.004603044192998371,True
agriculture,with_climate,2011,MYS,0.06620591780793106,-0.009329554864737025,0.05354278140805113,False
agriculture,with_climate,2011,PHL,0.033280782288656496,0.026905227945292494,0.006924969103894273,True
agriculture,with_climate,2011,PNG,0.008476450292512538,0.004949978487422936,0.002960606996793121,False
agriculture,with_climate,2011,SLB,0.03859183389201348,-0.034301379144855176,0.06062845150340573,False
agriculture,with_climate,2011,THA,0.06107902239416774,0.06056998110385939,0.017251192830015145,True
agriculture,with_climate,2011,TON,0.17139677267456577,-0.04590953099774159,0.19279388171697417,False
agriculture,with_climate,2011,VNM,0.04154742580853821,0.052240997252734456,0.006686509011600376,True
agriculture,with_climate,2011,VUT,0.03153584592690706,0.001237243632145807,0.02138735999228336,True
agriculture,with_climate,2011,WSM,-0.036776403464550356,-0.012660256906745947,0.014731267490090065,True
agriculture,baseline,2011,AUS,0.033238257653508185,0.05864336731776977,0.02834696756024621,True
agriculture,baseline,2011,FJI,0.05872013704053103,0.009757833965400408,0.02952559126908671,True
agriculture,baseline,2011,IDN,0.03871052056404167,0.03069345850777913,0.006067996145151303,True
agriculture,baseline,2011,MYS,0.06620591780793106,-0.013124706327060497,0.055741344682106335,False
agriculture,baseline,2011,PHL,0.033280782288656496,0.026070961933012803,0.007922446768706333,True
agriculture,baseline,2011,PNG,0.008476450292512538,0.014583169695093236,0.004374226529144853,False
agriculture,baseline,2011,SLB,0.03859183389201348,-0.003348683223552241,0.025906726690396818,True
agriculture,baseline,2011,THA,0.06107902239416774,0.003034043357226967,0.035235016943206666,True
agriculture,baseline,2011,TON,0.17139677267456577,-0.03553060769079184,0.18018517772318035,False
agriculture,baseline,2011,VNM,0.04154742580853821,0.03869767772369126,0.0040183412113309995,True
agriculture,baseline,2011,VUT,0.03153584592690706,0.006298749106357308,0.022617446061823435,True
agriculture,baseline,2011,WSM,-0.036776403464550356,-0.014090363032569615,0.014966735126657579,True
agriculture,with_climate,2012,AUS,0.009139308986021888,0.12533890675738663,0.0752624690323048,True
agriculture,with_climate,2012,FJI,0.06525025494121195,-0.032040751942107926,0.06748396556032797,False
agriculture,with_climate,2012,IDN,0.04484442403135702,0.023697963554175444,0.013020220938311565,True
agriculture,with_climate,2012,MYS,0.009563965976539635,-0.010334521271270911,0.01342496754786665,True
agriculture,with_climate,2012,PHL,0.03033470289100748,0.02093239002108668,0.007562895638276309,True
agriculture,with_climate,2012,PNG,0.05793132896277342,0.03867302523204605,0.018599404873178394,False
agriculture,with_climate,2012,SLB,0.005780145691318239,0.13977856460306806,0.12069119333838407,False
agriculture,with_climate,2012,THA,0.026692069601590873,-0.015544466953781092,0.026549387507890654,True
agriculture,with_climate,2012,TON,-0.015414013556551254,-0.0070433889768151195,0.013298954854036694,True
agriculture,with_climate,2012,VNM,0.02831020228336456,0.03327500120202884,0.0031568176734189115,True
agriculture,with_climate,2012,VUT,-0.01933243392281625,0.03403900951680337,0.03180135836067085,True
agriculture,with_climate,2012,WSM,-0.10470866495528952,-0.013007245474638555,0.07126151309559388,False
agriculture,baseline,2012,AUS,0.009139308986021888,0.039693554324038594,0.029064941689526797,True
agriculture,baseline,2012,FJI,0.06525025494121195,-0.0391164648280322,0.06901341358040192,True
agriculture,baseline,2012,IDN,0.04484442403135702,0.026906959977571154,0.010680971700800842,True
agriculture,baseline,2012,MYS,0.009563965976539635,0.012184452406516486,0.010539198571700338,True
agriculture,baseline,2012,PHL,0.03033470289100748,0.021618012275937973,0.00816546271754179,True
agriculture,baseline,2012,PNG,0.05793132896277342,0.045548690970276626,0.0101059374622902,False
agriculture,baseline,2012,SLB,0.005780145691318239,0.072348171779943,0.047033967820670174,False
agriculture,baseline,2012,THA,0.026692069601590873,-0.004253100281724487,0.024592889261834668,True
agriculture,baseline,2012,TON,-0.015414013556551254,-0.02549604755084171,0.014380158027997919,True
agriculture,baseline,2012,VNM,0.02831020228336456,0.034834874224448004,0.004793585307826394,True
agriculture,baseline,2012,VUT,-0.01933243392281625,0.00542405084689767,0.02225234289336289,True
agriculture,baseline,2012,WSM,-0.10470866495528952,-0.014473430698190317,0.066184427666668,False
agriculture,with_climate,2013,AUS,-0.008367356551417515,0.0066667269162539455,0.0208659044560643,True
agriculture,with_climate,2013,FJI,0.01859023114012004,-0.05940776481306423,0.0502691302234562,True
agriculture,with_climate,2013,IDN,0.04118311201090563,0.024527226492472052,0.009928125048731445,True
agriculture,with_climate,2013,MYS,0.019658748809053606,0.00922918436952785,0.010650962050798664,True
agriculture,with_climate,2013,PHL,0.02890913899814862,0.02663810775404315,0.006277484803646341,True
agriculture,with_climate,2013,PNG,0.045660347139662605,0.04287657047375873,0.0017249222233992536,True
agriculture,with_climate,2013,SLB,-0.05179586327910357,0.044748852767935554,0.07860006233273997,False
agriculture,with_climate,2013,THA,0.007000894014780101,0.03871384714652118,0.02239860776645387,True
agriculture,with_climate,2013,TON,0.03878804267678149,-0.019022887313727817,0.03521527353664161,True
agriculture,with_climate,2013,VNM,0.024997472078123195,0.02654956770726845,0.002166699318243075,True
agriculture,with_climate,2013,VUT,0.01364662842010489,0.053065062404234725,0.024765654621114776,True
agriculture,with_climate,2013,WSM,0.02535233769368972,0.00575287587371635,0.013007256965850011,True
agriculture,baseline,2013,AUS,-0.008367356551417515,0.033563794957879756,0.0317561612165437,True
agriculture,baseline,2013,FJI,0.01859023114012004,-0.037643289517557715,0.0334889681911166,True
agriculture,baseline,2013,IDN,0.04118311201090563,0.025049373261344657,0.009608703727830618,True
agriculture,baseline,2013,MYS,0.019658748809053606,0.0128655927036366,0.010763051787432719,True
agriculture,baseline,2013,PHL,0.02890913899814862,0.025310218874795305,0.007289631649656147,True
agriculture,baseline,2013,PNG,0.045660347139662605,0.04002061074984489,0.003744832162473092,True
agriculture,baseline,2013,SLB,-0.05179586327910357,0.09135588589488425,0.12003759439275179,False
agriculture,baseline,2013,THA,0.007000894014780101,0.002990848681885417,0.020125913547845223,True
agriculture,baseline,2013,TON,0.03878804267678149,-0.00012581680654138658,0.02356885250499559,True
agriculture,baseline,2013,VNM,0.024997472078123195,0.03420185561982174,0.005773922606154318,True
agriculture,baseline,2013,VUT,0.01364662842010489,0.023036946063107678,0.01946767693312671,True
agriculture,baseline,2013,WSM,0.02535233769368972,0.008406083223985724,0.01332510058636907,True
agriculture,with_climate,2014,AUS,0.010766432041545926,0.032274665059067675,0.02173043027978089,True
agriculture,with_climate,2014,FJI,0.0,0.016591724347660562,0.015377270324576841,True
agriculture,with_climate,2014,IDN,0.04151307051207809,0.03343252213720299,0.0057219294298763105,True
agriculture,with_climate,2014,MYS,0.020268946471475147,0.021616120198796385,0.009513032722108909,True
agriculture,with_climate,2014,PHL,0.018556890613883326,0.03813728269138919,0.011705904727772855,True
agriculture,with_climate,2014,PNG,0.03336538245345366,0.04350799350302946,0.008883428398826734,False
agriculture,with_climate,2014,SLB,0.06585893140209009,0.0013974805255246546,0.047073659171550715,False
agriculture,with_climate,2014,THA,-0.00288438116064782,0.018342441294065558,0.019294427874002394,True
agriculture,with_climate,2014,TON,0.024687884131850524,0.015157179888555857,0.013266743325319066,True
agriculture,with_climate,2014,VNM,0.03153221918035598,0.03896376258698428,0.004422963840237666,True
agriculture,with_climate,2014,VUT,0.1192725363789755,0.012103941659078998,0.07235467401339153,True
agriculture,with_climate,2014,WSM,0.07444649746671672,0.008050253458420534,0.04612616476376308,False
agriculture,baseline,2014,AUS,0.010766432041545926,0.04841080353267318,0.030294671150174732,True
agriculture,baseline,2014,FJI,0.0,0.0005431378675552836,0.016565053773717156,True
agriculture,baseline,2014,IDN,0.04151307051207809,0.02745407484956733,0.008481945406818903,True
agriculture,baseline,2014,MYS,0.020268946471475147,0.013669132160799395,0.010623987081052078,True
agriculture,baseline,2014,PHL,0.018556890613883326,0.025486995624983046,0.0076830189859068854,True
agriculture,baseline,2014,PNG,0.03336538245345366,0.04579633628676922,0.010315369808665879,False
agriculture,baseline,2014,SLB,0.06585893140209009,0.050517453816982874,0.014579526774506297,True
agriculture,baseline,2014,THA,-0.00288438116064782,0.00553918071723471,0.020187354014678055,True
agriculture,baseline,2014,TON,0.024687884131850524,0.0072589841056405965,0.015449624560605836,True
agriculture,baseline,2014,VNM,0.03153221918035598,0.033373692657489205,0.0037289138898078185,True
agriculture,baseline,2014,VUT,0.1192725363789755,0.014637129454989191,0.06661074465578692,True
agriculture,baseline,2014,WSM,0.07444649746671672,0.005180079186838622,0.046170309593887196,True
agriculture,with_climate,2015,AUS,0.016529997207026526,0.07256213207211307,0.033899536874649416,True
agriculture,with_climate,2015,FJI,0.02879708226106814,-0.06504911669435208,0.06401041994878684,True
agriculture,with_climate,2015,IDN,0.03685974986916918,0.009300686938850127,0.018274420628296997,True
agriculture,with_climate,2015,MYS,0.014382626199331838,0.011628828331111887,0.00945299969404778,True
agriculture,with_climate,2015,PHL,0.007334228303811585,0.01947422876190811,0.008319542577313077,True
agriculture,with_climate,2015,PNG,-0.02679284147398775,0.01120531725992948,0.03658100801408442,False
agriculture,with_climate,2015,SLB,0.031785476960727976,0.08488773382755062,0.036004776472611626,True
agriculture,with_climate,2015,THA,-0.06685132086931844,-0.03194283320167635,0.02334602945715518,True
agriculture,with_climate,2015,TON,-0.017593340309467465,0.013203100969316763,0.01934320234105107,True
agriculture,with_climate,2015,VNM,0.024761135181741167,0.03176997545847331,0.004170096221816532,True
agriculture,with_climate,2015,VUT,-0.06065488861829493,-0.030403262562564308,0.021201679383169955,True
agriculture,with_climate,2015,WSM,-0.01554604326663167,-0.02333836344134782,0.009654339273010853,True
agriculture,baseline,2015,AUS,0.016529997207026526,0.0383359436595721,0.026576597249849076,True
agriculture,baseline,2015,FJI,0.02879708226106814,0.012487707797201323,0.017895866146960412,True
agriculture,baseline,2015,IDN,0.03685974986916918,0.02756900117253194,0.0063958399854655125,True
agriculture,baseline,2015,MYS,0.014382626199331838,0.010922092969509318,0.010220518865380413,True
agriculture,baseline,2015,PHL,0.007334228303811585,0.02545294551586869,0.011238046312102536,True
agriculture,baseline,2015,PNG,-0.02679284147398775,0.003900135166111429,0.027420453374539643,False
agriculture,baseline,2015,SLB,0.031785476960727976,0.017739092238501425,0.013747820261646792,True
agriculture,baseline,2015,THA,-0.06685132086931844,0.005695156670087079,0.043178878085779755,True
agriculture,baseline,2015,TON,-0.017593340309467465,0.0017787035208573602,0.015786365819988362,True
agriculture,baseline,2015,VNM,0.024761135181741167,0.03372554740358562,0.005615171352492973,True
agriculture,baseline,2015,VUT,-0.06065488861829493,-0.010538241655907186,0.03089907534572298,True
agriculture,baseline,2015,WSM,-0.01554604326663167,0.029575919712671737,0.02711531800793754,True
agriculture,with_climate,2016,AUS,-0.07438718298378078,-0.08333481605771999,0.019528503170548533,True
agriculture,with_climate,2016,FJI,-0.11549836248762801,-0.07305582740881707,0.02540676807723965,True
agriculture,with_climate,2016,IDN,0.033171004981468855,0.0323618563127523,0.004333965587137158,True
agriculture,with_climate,2016,MYS,-0.03719690697367284,0.007235443261618785,0.02728300812366496,True
agriculture,with_climate,2016,PHL,-0.009676681718129743,-0.0048744235956074446,0.006426994388766461,True
agriculture,with_climate,2016,PNG,0.0261650561058957,-0.01939288256176888,0.04426590871317868,False
agriculture,with_climate,2016,SLB,0.033193809055948265,0.07621124636762769,0.027372756277492725,True
agriculture,with_climate,2016,THA,-0.011644407912562826,-0.003729898227758207,0.01687455358464549,True
agriculture,with_climate,2016,TON,-0.012665265856327323,-0.023527245451681396,0.013167422887047728,True
agriculture,with_climate,2016,VNM,0.01640246844980453,0.03660995286243249,0.015457192110963342,False
agriculture,with_climate,2016,VUT,0.052388369382558864,0.09990625625566872,0.028592072327404846,True
agriculture,with_climate,2016,WSM,0.019404620849289955,-0.027342704631385772,0.029360454433895088,True
agriculture,baseline,2016,AUS,-0.07438718298378078,0.03820665666968968,0.06859247097380171,True
agriculture,baseline,2016,FJI,-0.11549836248762801,-0.005735419518794332,0.07396269986368864,True
agriculture,baseline,2016,IDN,0.033171004981468855,0.030376556266098826,0.004838253471900522,True
agriculture,baseline,2016,MYS,-0.03719690697367284,0.012192833133398492,0.030520368608200114,True
agriculture,baseline,2016,PHL,-0.009676681718129743,0.024700358326265638,0.02125305230078011,True
agriculture,baseline,2016,PNG,0.0261650561058957,0.018379705800628136,0.004650645674618895,True
agriculture,baseline,2016,SLB,0.033193809055948265,0.0341339791643058,0.011715114210427887,True
agriculture,baseline,2016,THA,-0.011644407912562826,0.01000683239049073,0.02181233195422944,True
agriculture,baseline,2016,TON,-0.012665265856327323,0.002183991404291083,0.014545246922820523,True
agriculture,baseline,2016,VNM,0.01640246844980453,0.03418589293840729,0.011032994425130534,True
agriculture,baseline,2016,VUT,0.052388369382558864,0.02720025136851356,0.021833971424878446,True
agriculture,baseline,2016,WSM,0.019404620849289955,-0.025104568645576197,0.026719639372685424,True
agriculture,with_climate,2017,AUS,0.09036103805276241,0.14941728084950023,0.03537923082847298,True
agriculture,with_climate,2017,FJI,0.10242346307331829,0.12959698958155308,0.018430377634644803,True
agriculture,with_climate,2017,IDN,0.03841204493498296,0.03336000844389653,0.004833332775695679,True
agriculture,with_climate,2017,MYS,0.05719105470917185,-0.015298563042185208,0.05120303986892144,False
agriculture,with_climate,2017,PHL,0.041613470724755075,0.01770792233839185,0.014286789601993507,True
agriculture,with_climate,2017,PNG,0.023262523511128563,0.0034397736290200133,0.018204501338940974,False
agriculture,with_climate,2017,SLB,0.03493178906423111,0.0036251943604518715,0.018764166926669355,True
agriculture,with_climate,2017,THA,0.04709181122892403,-0.06671989025943552,0.07736550968849637,True
agriculture,with_climate,2017,TON,-0.025474767813346233,0.006401547999277276,0.019688612484131326,True
agriculture,with_climate,2017,VNM,0.031192288782950328,0.05110031023837689,0.014938066968787236,False
agriculture,with_climate,2017,VUT,0.002982679737925764,0.022345393090200807,0.01791248419324737,True
agriculture,with_climate,2017,WSM,0.14826325900212467,-0.023513379513199525,0.15055522630017465,False
agriculture,baseline,2017,AUS,0.09036103805276241,0.0583351659090325,0.02840533289544846,True
agriculture,baseline,2017,FJI,0.10242346307331829,0.06421331016978266,0.0245132675819159,True
agriculture,baseline,2017,IDN,0.03841204493498296,0.032602558623466296,0.0053141615446748195,True
agriculture,baseline,2017,MYS,0.05719105470917185,0.010167854515613646,0.02875765911403206,True
agriculture,baseline,2017,PHL,0.041613470724755075,0.022888603343672164,0.011506195582471955,True
agriculture,baseline,2017,PNG,0.023262523511128563,0.031237858960229656,0.004775861037895053,True
agriculture,baseline,2017,SLB,0.03493178906423111,0.0333565013201735,0.011231995145436732,True
agriculture,baseline,2017,THA,0.04709181122892403,-0.0015178268029576829,0.030450649811311785,True
agriculture,baseline,2017,TON,-0.025474767813346233,-0.024824182818802297,0.012790042614117305,True
agriculture,baseline,2017,VNM,0.031192288782950328,0.03183028972528467,0.0035580510438894945,True
agriculture,baseline,2017,VUT,0.002982679737925764,-0.0011896189443786308,0.018544355243798053,True
agriculture,baseline,2017,WSM,0.14826325900212467,-0.039173156515989696,0.16172829732355823,False
agriculture,with_climate,2018,AUS,-0.028482938133215896,0.07236457952919645,0.06352436765597724,True
agriculture,with_climate,2018,FJI,0.03617751256502544,-0.023132390915851286,0.035953016632018844,True
agriculture,with_climate,2018,IDN,0.03810622663705843,0.02840860292252866,0.006265996189015417,True
agriculture,with_climate,2018,MYS,0.0012885130495163821,0.004802144592065436,0.00959695894530445,True
agriculture,with_climate,2018,PHL,0.01111453969273768,0.03256902008429029,0.012763432663375159,True
agriculture,with_climate,2018,PNG,0.04469554914658502,0.03604234369155719,0.007027435359471967,False
agriculture,with_climate,2018,SLB,0.003762756843556758,0.016884330400710412,0.009574536274119059,True
agriculture,with_climate,2018,THA,0.059181630106934335,-0.027311609561234074,0.054075737032837703,True
agriculture,with_climate,2018,TON,0.02547818797118495,-0.002683470771645345,0.017996739173326226,True
agriculture,with_climate,2018,VNM,0.040330132338304736,0.027114894169189843,0.008645734683415299,True
agriculture,with_climate,2018,VUT,0.008242000769804747,-0.01507025157770775,0.01873764952530597,True
agriculture,with_climate,2018,WSM,-0.08096828091508357,0.056886785166133096,0.1136749905450929,False
agriculture,baseline,2018,AUS,-0.028482938133215896,-0.0005381067915155233,0.027241377200131176,True
agriculture,baseline,2018,FJI,0.03617751256502544,-0.055956430456086045,0.058859028909447136,True
agriculture,baseline,2018,IDN,0.03810622663705843,0.030616776110022052,0.005721863544791021,True
agriculture,baseline,2018,MYS,0.0012885130495163821,0.005923024373911314,0.010231215785419887,True
agriculture,baseline,2018,PHL,0.01111453969273768,0.020100434251057488,0.007994397931380664,True
agriculture,baseline,2018,PNG,0.04469554914658502,0.0388269949033391,0.003541684495785104,True
agriculture,baseline,2018,SLB,0.003762756843556758,0.03363199685477614,0.01823490355924295,True
agriculture,baseline,2018,THA,0.059181630106934335,-0.008312681781391593,0.04015826347799962,True
agriculture,baseline,2018,TON,0.02547818797118495,-0.009903197604064072,0.02154517782270308,True
agriculture,baseline,2018,VNM,0.040330132338304736,0.03041792371372777,0.006020103777212429,True
agriculture,baseline,2018,VUT,0.008242000769804747,0.009777863506062372,0.018218104104912033,True
agriculture,baseline,2018,WSM,-0.08096828091508357,0.05491323949822326,0.105046766859351,False
agriculture,with_climate,2019,AUS,-0.11108401545318358,0.0012718399746158258,0.07272276522561713,True
agriculture,with_climate,2019,FJI,0.044168282448346474,-0.005800636045810197,0.029762286885509182,True
agriculture,with_climate,2019,IDN,0.03542989835834831,0.03221520651820009,0.004448789590448674,True
agriculture,with_climate,2019,MYS,0.019246606566678537,0.005921256769178835,0.011122773285137904,True
agriculture,with_climate,2019,PHL,0.011977484519995585,0.02862220899343655,0.010153887889275407,True
agriculture,with_climate,2019,PNG,0.022337876582188443,0.05569153130912238,0.03153343989361511,False
agriculture,with_climate,2019,SLB,0.0013007225041157255,0.002314511277818024,0.007204771837071663,True
agriculture,with_climate,2019,THA,-0.009848786548843691,-0.02013520621907666,0.017309341659867215,True
agriculture,with_climate,2019,TON,-0.0078112745048954935,0.002552742438542935,0.01269006954091546,True
agriculture,with_climate,2019,VNM,0.02632154806390119,0.023366322285492958,0.0025588538029505496,True
agriculture,with_climate,2019,VUT,0.06327917243975989,0.026652192702885172,0.023279598268567167,True
agriculture,with_climate,2019,WSM,-0.06341797831166573,0.027322165219177727,0.06492874483440746,False
agriculture,baseline,2019,AUS,-0.11108401545318358,0.04009327179481462,0.09966083192667655,True
agriculture,baseline,2019,FJI,0.044168282448346474,-0.012614169145788567,0.033791439385720684,True
agriculture,baseline,2019,IDN,0.03542989835834831,0.03165297749534799,0.004849943027710329,True
agriculture,baseline,2019,MYS,0.019246606566678537,0.009979223724560471,0.010729288564234052,True
agriculture,baseline,2019,PHL,0.011977484519995585,0.021586880004178962,0.008101544236036168,True
agriculture,baseline,2019,PNG,0.022337876582188443,0.05998576450475704,0.033014483707664855,False
agriculture,baseline,2019,SLB,0.0013007225041157255,0.03685907385957076,0.021176696951581704,True
agriculture,baseline,2019,THA,-0.009848786548843691,-0.005933868203528668,0.019319806457138697,True
agriculture,baseline,2019,TON,-0.0078112745048954935,0.005612870415317956,0.01383602496157814,True
agriculture,baseline,2019,VNM,0.02632154806390119,0.03133339020253119,0.004119889090717717,True
agriculture,baseline,2019,VUT,0.06327917243975989,0.014479667470218175,0.02992452131601507,True
agriculture,baseline,2019,WSM,-0.06341797831166573,0.02337175659047742,0.05730829106828484,True
agriculture,with_climate,2020,AUS,-0.1024015849976827,0.03266529976902188,0.09244383187081363,False
agriculture,with_climate,2020,FJI,-0.027111906581723133,-0.032894174627397,0.013467175124195329,True
agriculture,with_climate,2020,IDN,0.017564720868886496,0.03733439276100729,0.012104308633642261,True
agriculture,with_climate,2020,MYS,-0.02455868826858776,0.021600282348775847,0.02856246408712048,True
agriculture,with_climate,2020,PHL,-0.0019440771325598405,0.026155184151819867,0.017206379444600454,True
agriculture,with_climate,2020,PNG,0.01846712730991129,0.030585694525853257,0.007985478984192093,True
agriculture,with_climate,2020,SLB,-0.03885255466140691,0.010216698948704389,0.03349467500367019,False
agriculture,with_climate,2020,THA,-0.03210258311108305,0.029682309698072028,0.0367856175295442,True
agriculture,with_climate,2020,TON,0.08943319556922091,-0.0038439580357809283,0.06626933250049889,False
agriculture,with_climate,2020,VNM,0.029941433160207254,0.028901539817452783,0.0022071277083513174,True
agriculture,with_climate,2020,VUT,-0.029380460951024645,-0.004168410932335165,0.019009805796769655,True
agriculture,with_climate,2020,WSM,-0.014294398705086309,0.04032134152854399,0.03349677971455937,True
agriculture,baseline,2020,AUS,-0.1024015849976827,0.06438917993937854,0.112950575378416,True
agriculture,baseline,2020,FJI,-0.027111906581723133,-0.02389130586074802,0.01641175769969132,True
agriculture,baseline,2020,IDN,0.017564720868886496,0.033112719881829795,0.009254044731981149,True
agriculture,baseline,2020,MYS,-0.02455868826858776,0.00936188304287071,0.02018750358886723,True
agriculture,baseline,2020,PHL,-0.0019440771325598405,0.020327870602622575,0.013287681376438334,True
agriculture,baseline,2020,PNG,0.01846712730991129,0.028701372534379023,0.006088691752096213,True
agriculture,baseline,2020,SLB,-0.03885255466140691,0.029180888894319267,0.04546480558393487,True
agriculture,baseline,2020,THA,-0.03210258311108305,0.0021841739048527042,0.02473841101045207,True
agriculture,baseline,2020,TON,0.08943319556922091,0.007401122042729068,0.05498019668428217,True
agriculture,baseline,2020,VNM,0.029941433160207254,0.031769366033847696,0.003491664782995095,True
agriculture,baseline,2020,VUT,-0.029380460951024645,0.0004347435599352488,0.02240872465734782,True
agriculture,baseline,2020,WSM,-0.014294398705086309,0.0013445383658069014,0.015561894287538668,True
agriculture,with_climate,2021,AUS,0.19358370321111096,0.10068267134247133,0.057116781552215765,True
agriculture,with_climate,2021,FJI,0.09318131063097823,0.015469248411525135,0.050311919143039514,True
agriculture,with_climate,2021,IDN,0.018538656817124632,0.03953559387039586,0.013014749868631896,True
agriculture,with_climate,2021,MYS,-0.0026871824775227537,0.0569069850852602,0.03947566944178061,True
agriculture,with_climate,2021,PHL,-0.0029138538538759917,0.020476131463190612,0.013965914878738429,True
agriculture,with_climate,2021,PNG,0.010760009923181713,0.029533433565080012,0.014214870399803728,False
agriculture,with_climate,2021,SLB,0.006911567585941469,0.08535575627702044,0.062230508296380625,False
agriculture,with_climate,2021,THA,0.02220856243827285,0.06269957682420985,0.02552940553489938,True
agriculture,with_climate,2021,TON,-0.06254055762250843,0.01793304989206891,0.05412499061854557,True
agriculture,with_climate,2021,VNM,0.03643562536649725,0.03841368488255274,0.002302027393505309,True
agriculture,with_climate,2021,VUT,0.023122417420857744,0.0053379772447855085,0.016917453397498262,True
agriculture,with_climate,2021,WSM,0.008924682866947364,0.019881830490535823,0.012425543448227406,True
agriculture,baseline,2021,AUS,0.19358370321111096,0.06119188983942796,0.08343567334624287,True
agriculture,baseline,2021,FJI,0.09318131063097823,-0.028139047408633287,0.08445250843645753,False
agriculture,baseline,2021,IDN,0.018538656817124632,0.02831647634472858,0.0064445480937693304,True
agriculture,baseline,2021,MYS,-0.0026871824775227537,0.027027394129891892,0.017861812445407313,True
agriculture,baseline,2021,PHL,-0.0029138538538759917,0.009059214465319357,0.008719834460285963,True
agriculture,baseline,2021,PNG,0.010760009923181713,0.056381125347026495,0.03874284992196864,False
agriculture,baseline,2021,SLB,0.006911567585941469,0.016560388004880824,0.011398243842286443,True
agriculture,baseline,2021,THA,0.02220856243827285,-0.0012597951390557194,0.021627598989243657,True
agriculture,baseline,2021,TON,-0.06254055762250843,0.006098877479977059,0.04348138983794806,True
agriculture,baseline,2021,VNM,0.03643562536649725,0.022926028515972256,0.008084497591824284,True
agriculture,baseline,2021,VUT,0.023122417420857744,0.06045724534690707,0.024849705063712965,True
agriculture,baseline,2021,WSM,0.008924682866947364,0.008206011418433905,0.01368958024246723,True
agriculture,with_climate,2022,AUS,0.1573618432905981,0.005980248122397076,0.10713829895693969,False
agriculture,with_climate,2022,FJI,0.03380784699571748,-0.06468988943138482,0.06865235714812266,False
agriculture,with_climate,2022,IDN,0.02229797196640959,0.040912975721149616,0.011268670817742504,True
agriculture,with_climate,2022,MYS,0.013273991981954225,0.019263167129257058,0.009776484796140966,True
agriculture,with_climate,2022,PHL,0.0047903829180135915,0.025732150740742775,0.012458679918178572,True
agriculture,with_climate,2022,PNG,0.030604952164839716,0.03261166707535203,0.0020002370634206934,True
agriculture,with_climate,2022,SLB,-0.09665861120996411,0.03197948583304587,0.11158655982886351,False
agriculture,with_climate,2022,THA,0.02307398331294408,0.07132325375437382,0.029145125043567262,True
agriculture,with_climate,2022,TON,-0.018258015880828538,0.002030139049243058,0.015191417320429428,True
agriculture,with_climate,2022,VNM,0.03636637081286764,0.023040545230605933,0.008799901466785158,True
agriculture,with_climate,2022,VUT,0.038962721871957484,-0.007574356642759881,0.027860875309072473,True
agriculture,with_climate,2022,WSM,-0.09822221154204414,-0.027453809569738384,0.04664867574297031,True
agriculture,baseline,2022,AUS,0.1573618432905981,-0.05433672748612309,0.1538550401147433,False
agriculture,baseline,2022,FJI,0.03380784699571748,-0.041331411981178325,0.04575938809111768,True
agriculture,baseline,2022,IDN,0.02229797196640959,0.038002282297767094,0.009343541627000114,True
agriculture,baseline,2022,MYS,0.013273991981954225,0.006180245300587986,0.010218413015762052,True
agriculture,baseline,2022,PHL,0.0047903829180135915,0.01894423682871706,0.009445016139164375,True
agriculture,baseline,2022,PNG,0.030604952164839716,0.032020701143957414,0.0037036091251345903,True
agriculture,baseline,2022,SLB,-0.09665861120996411,0.006250038509505359,0.07838907255206748,False
agriculture,baseline,2022,THA,0.02307398331294408,-0.005309140443651002,0.022744873716503494,True
agriculture,baseline,2022,TON,-0.018258015880828538,0.014950935014342914,0.020508761544334602,True
agriculture,baseline,2022,VNM,0.03636637081286764,0.024206870927585087,0.007234581236041382,True
agriculture,baseline,2022,VUT,0.038962721871957484,0.020902051740696464,0.019191675550719708,True
agriculture,baseline,2022,WSM,-0.09822221154204414,0.012398103408686328,0.07939515225492687,False
agriculture,with_climate,2023,AUS,0.0451854016333364,0.030204734276671637,0.020510269247594564,True
agriculture,with_climate,2023,FJI,0.04377282833403129,-0.012944107920129993,0.034156754565658684,True
agriculture,with_climate,2023,IDN,0.012973224192347033,0.03173239249612331,0.01137072947956285,True
agriculture,with_climate,2023,MYS,0.0022849254117538464,-0.007364703950729828,0.010255758693359537,True
agriculture,with_climate,2023,PHL,0.011971391977667167,0.030369393488849917,0.011026230377410408,True
agriculture,with_climate,2023,PNG,0.009562981430732975,0.03969992274336277,0.02592463879827993,False
agriculture,with_climate,2023,SLB,-0.0021425176982283745,0.06779265290083487,0.04954206081502499,False
agriculture,with_climate,2023,THA,0.023597975335462706,-0.018666824756407265,0.02624084465457036,True
agriculture,with_climate,2023,TON,0.11144006501464787,0.013775817810490087,0.06998733831205028,False
agriculture,with_climate,2023,VNM,0.03870250896533989,0.017255358432250744,0.01635699158175145,False
agriculture,with_climate,2023,VUT,0.022477442944897064,-0.024854075248440948,0.02827894367799604,True
agriculture,with_climate,2023,WSM,0.008208588187649468,-0.0877476059354959,0.06952704930940648,False
agriculture,baseline,2023,AUS,0.0451854016333364,-0.0401533097923608,0.050830296288480584,True
agriculture,baseline,2023,FJI,0.04377282833403129,-0.0049401302940938405,0.0293712652059176,True
agriculture,baseline,2023,IDN,0.012973224192347033,0.03816198602323763,0.0160745470811017,True
agriculture,baseline,2023,MYS,0.0022849254117538464,-0.003913287622293017,0.010015188676766817,True
agriculture,baseline,2023,PHL,0.011971391977667167,0.0182185208144954,0.007219478572183908,True
agriculture,baseline,2023,PNG,0.009562981430732975,0.014685786902734602,0.004221511895051796,True
agriculture,baseline,2023,SLB,-0.0021425176982283745,0.005312096547406933,0.01160415145035159,True
agriculture,baseline,2023,THA,0.023597975335462706,-0.004255154048419096,0.022490895951510794,True
agriculture,baseline,2023,TON,0.11144006501464787,0.014059753028995814,0.0686792509024973,False
agriculture,baseline,2023,VNM,0.03870250896533989,0.03358463253521905,0.004068612126901542,True
agriculture,baseline,2023,VUT,0.022477442944897064,-0.0074394275043502475,0.02202849410411564,True
agriculture,baseline,2023,WSM,0.008208588187649468,-0.005463151964171919,0.015077633812574322,True
agriculture,with_climate,2024,AUS,-0.0409422307112024,-0.062385783373881835,0.021443253642006978,True
agriculture,with_climate,2024,FJI,0.0427486353288522,-0.05317873584672674,0.06605723924341837,False
agriculture,with_climate,2024,IDN,0.006744962483775652,0.03374709257754832,0.017894377693357104,True
agriculture,with_climate,2024,MYS,0.030067153021015258,-0.016732930933345318,0.029073442265389774,True
agriculture,with_climate,2024,PHL,-0.015192012002394506,0.002920040198600836,0.010868494632464672,True
agriculture,with_climate,2024,PNG,0.02063691015100133,0.045639854131503815,0.020079054246581143,False
agriculture,with_climate,2024,SLB,0.01754710626243039,-0.028426808996646506,0.028556285199035126,True
agriculture,with_climate,2024,THA,0.01920365921290923,-0.02622232187615281,0.0276950829945821,True
agriculture,with_climate,2024,TON,-0.21612095142666377,-0.0090617605941219,0.17788965433246576,False
agriculture,with_climate,2024,VNM,0.03519344713836858,0.008552231257524717,0.021308551385409213,False
agriculture,with_climate,2024,VUT,0.038311086925553184,0.03955313636277186,0.01465260902506448,True
agriculture,with_climate,2024,WSM,0.06202935736663662,-0.040749613812056766,0.07544978878992471,False
agriculture,baseline,2024,AUS,-0.0409422307112024,0.010262997419168885,0.034726966123470204,True
agriculture,baseline,2024,FJI,0.0427486353288522,-0.0019137936566715821,0.02733383140022458,True
agriculture,baseline,2024,IDN,0.006744962483775652,0.040780619533035495,0.023760698874922118,False
agriculture,baseline,2024,MYS,0.030067153021015258,0.004659982381532642,0.015658524099977623,True
agriculture,baseline,2024,PHL,-0.015192012002394506,0.015353109218787613,0.018618496306853784,True
agriculture,baseline,2024,PNG,0.02063691015100133,0.017753049896449796,0.0036563754412147352,True
agriculture,baseline,2024,SLB,0.01754710626243039,-0.005332016442024381,0.015262112484290595,True
agriculture,baseline,2024,THA,0.01920365921290923,-0.003434732013560926,0.021080852407314773,True
agriculture,baseline,2024,TON,-0.21612095142666377,-0.003777757762508077,0.18149063152211872,False
agriculture,baseline,2024,VNM,0.03519344713836858,0.029444631292141518,0.004223428946128207,True
agriculture,baseline,2024,VUT,0.038311086925553184,-0.0012484908317852636,0.025424479199726135,True
agriculture,baseline,2024,WSM,0.06202935736663662,0.008317674145885207,0.03208874194732551,True
fiscal,with_agriculture,2010,AUS,-0.019514639242299125,-0.0004956728426591325,0.011324349751445814,True
fiscal,with_agriculture,2010,FJI,0.06360896847437303,0.0539662782919222,0.022054461077120842,True
fiscal,with_agriculture,2010,IDN,0.07725673741148853,0.17829518349156073,0.06151519964182529,True
fiscal,with_agriculture,2010,MYS,-0.043698434329623836,0.10091585098826206,0.10599374591673126,False
fiscal,with_agriculture,2010,PHL,0.037427676890587236,0.030175676664727088,0.008378038196710307,True
fiscal,with_agriculture,2010,PNG,0.2092126838019297,0.0014714188939649597,0.1998223149291444,False
fiscal,with_agriculture,2010,SLB,0.22156570541813636,-0.1520460342951051,0.3139315248760625,False
fiscal,with_agriculture,2010,THA,0.1432483768176951,0.0818711055294781,0.041501264446562054,True
fiscal,with_agriculture,2010,TON,-0.11623683887478364,-0.03964889665819111,0.04979017906794481,True
fiscal,with_agriculture,2010,VNM,0.12566703795515366,0.0486556805679343,0.059506007094794165,False
fiscal,with_agriculture,2010,VUT,-0.026059826988117152,0.06815651911204425,0.056845848131904186,True
fiscal,with_agriculture,2010,WSM,-0.11565904954974826,0.08130101195669426,0.1536349075772477,False
fiscal,baseline,2010,AUS,-0.019514639242299125,-0.0007261662255912474,0.011189768779365453,True
fiscal,baseline,2010,FJI,0.06360896847437303,0.03665646456411005,0.025859033202004902,True
fiscal,baseline,2010,IDN,0.07725673741148853,0.1802840378734839,0.06295432902989354,True
fiscal,baseline,2010,MYS,-0.043698434329623836,0.08505708753740654,0.0906926456529422,False
fiscal,baseline,2010,PHL,0.037427676890587236,0.0758971442103544,0.023284074318093578,True
fiscal,baseline,2010,PNG,0.2092126838019297,-0.025401104868460783,0.22271939037165828,False
fiscal,baseline,2010,SLB,0.22156570541813636,0.04526657958016796,0.11083278787599633,True
fiscal,baseline,2010,THA,0.1432483768176951,0.09691560935843743,0.02860265067085101,True
fiscal,baseline,2010,TON,-0.11623683887478364,0.0036094530765477736,0.0887728502566837,False
fiscal,baseline,2010,VNM,0.12566703795515366,0.0667750138141754,0.04147087155239222,False
fiscal,baseline,2010,VUT,-0.026059826988117152,0.0919023275356109,0.07414642037404212,True
fiscal,baseline,2010,WSM,-0.11565904954974826,0.06392950689120222,0.13275223922211707,False
fiscal,with_agriculture,2011,AUS,0.021818592979194307,-0.009516763108180663,0.020177119532792727,True
fiscal,with_agriculture,2011,FJI,0.08792643468235184,-0.02576688774309458,0.07183284895954761,True
fiscal,with_agriculture,2011,IDN,0.14358612821012784,0.05090455044171192,0.055694537382771,True
fiscal,with_agriculture,2011,MYS,0.10551290432672289,0.06318671051267385,0.026728997814297568,True
fiscal,with_agriculture,2011,PHL,0.0830298639905287,0.0127553380230499,0.05246084756838652,False
fiscal,with_agriculture,2011,PNG,0.03164972094554486,-0.12595684467562004,0.12493171593128367,False
fiscal,with_agriculture,2011,SLB,0.22187588003769676,0.14616850344208496,0.0488125145760138,True
fiscal,with_agriculture,2011,THA,0.0211023817698468,0.003601532227994461,0.012199225576252188,True
fiscal,with_agriculture,2011,TON,0.04370178636752797,-0.056770367324006914,0.0720331320442618,False
fiscal,with_agriculture,2011,VNM,0.007263688402300517,0.0742160325860303,0.04804902753216045,False
fiscal,with_agriculture,2011,VUT,-0.08306348864425317,0.08119060375582357,0.11474022984598066,False
fiscal,with_agriculture,2011,WSM,0.21025850824204184,0.09819864281544677,0.07111676707985445,True
fiscal,baseline,2011,AUS,0.021818592979194307,-0.009496165072815768,0.020163447969981405,True
fiscal,baseline,2011,FJI,0.08792643468235184,-0.003313094236941344,0.054684889674181385,True
fiscal,baseline,2011,IDN,0.14358612821012784,0.05030706043488092,0.05609311112415601,True
fiscal,baseline,2011,MYS,0.10551290432672289,0.06316524568530978,0.026737811504787393,True
fiscal,baseline,2011,PHL,0.0830298639905287,0.00988869792363872,0.05283960763089861,False
fiscal,baseline,2011,PNG,0.03164972094554486,-0.06627373299412179,0.061130610336359775,True
fiscal,baseline,2011,SLB,0.22187588003769676,0.13445888720372942,0.05411632096289069,True
fiscal,baseline,2011,THA,0.0211023817698468,-0.011149381462770586,0.019194220348807235,True
fiscal,baseline,2011,TON,0.04370178636752797,0.09935812082173776,0.03330233286105943,True
fiscal,baseline,2011,VNM,0.007263688402300517,0.07233158984104313,0.04641858920097343,False
fiscal,baseline,2011,VUT,-0.08306348864425317,0.09684415683248325,0.12801160314762666,False
fiscal,baseline,2011,WSM,0.21025850824204184,0.09461466395976204,0.07300405397635273,True
fiscal,with_agriculture,2012,AUS,0.0759921774450234,0.02569717429283057,0.03727785876804571,False
fiscal,with_agriculture,2012,FJI,-0.0036154049695973356,-0.03056179838220259,0.0243412254320662,True
fiscal,with_agriculture,2012,IDN,0.07251553501656716,0.046144415119265675,0.02489949367643985,True
fiscal,with_agriculture,2012,MYS,0.13027951673724303,0.05248490281832601,0.04735181923363487,True
fiscal,with_agriculture,2012,PHL,0.10444181635808647,0.06168410530754475,0.026789504889052285,True
fiscal,with_agriculture,2012,PNG,0.014155460593510583,-0.04909280270713891,0.037730175454865546,True
fiscal,with_agriculture,2012,SLB,0.05943903317875865,0.09727634192331581,0.03542704750811587,True
fiscal,with_agriculture,2012,THA,0.07853009054974436,0.10665493840666715,0.016820304687109044,True
fiscal,with_agriculture,2012,TON,0.14026611317283155,0.008194488921677498,0.1028818858149909,False
fiscal,with_agriculture,2012,VNM,-0.06755768858348077,0.05934650005140939,0.1066884072369165,False
fiscal,with_agriculture,2012,VUT,0.0021106482862585096,0.07208084975839804,0.04194878774137188,True
fiscal,with_agriculture,2012,WSM,-0.11957990757217019,-0.1379490693651435,0.021816695455344374,True
fiscal,baseline,2012,AUS,0.0759921774450234,0.02546807570208532,0.037527362313893885,False
fiscal,baseline,2012,FJI,-0.0036154049695973356,-0.00474472973485162,0.022114454512645796,True
fiscal,baseline,2012,IDN,0.07251553501656716,0.04445613884441461,0.025298088591971822,True
fiscal,baseline,2012,MYS,0.13027951673724303,0.05251987370860558,0.04732706264334404,True
fiscal,baseline,2012,PHL,0.10444181635808647,0.06587549964610712,0.023154459611398868,True
fiscal,baseline,2012,PNG,0.014155460593510583,0.00709313706134557,0.01849214322070676,True
fiscal,baseline,2012,SLB,0.05943903317875865,0.05883316487672585,0.03184788568699821,True
fiscal,baseline,2012,THA,0.07853009054974436,0.1071285603079341,0.0171449509131236,True
fiscal,baseline,2012,TON,0.14026611317283155,-0.009695028412908306,0.1173726752967459,False
fiscal,baseline,2012,VNM,-0.06755768858348077,0.05688010799713559,0.104492339373177,False
fiscal,baseline,2012,VUT,0.0021106482862585096,0.04869726720478784,0.031998766245781164,True
fiscal,baseline,2012,WSM,-0.11957990757217019,-0.11855268006261177,0.02135853691057598,True
fiscal,with_agriculture,2013,AUS,0.04208618637515471,0.029565497546393548,0.00826645733673963,True
fiscal,with_agriculture,2013,FJI,0.06566079534101732,0.0753738530984357,0.021078643091359615,True
fiscal,with_agriculture,2013,IDN,0.0315151201848245,0.07186017530517344,0.02843308673730833,True
fiscal,with_agriculture,2013,MYS,0.001572816120610554,0.058882636411062866,0.03413042685836063,True
fiscal,with_agriculture,2013,PHL,0.07715687492743584,0.07153343233303461,0.00850066406553353,True
fiscal,with_agriculture,2013,PNG,0.01432286171031194,-0.011145335095081386,0.019598110531668746,True
fiscal,with_agriculture,2013,SLB,0.33931974952914246,0.216257021312811,0.0739351465783202,True
fiscal,with_agriculture,2013,THA,0.06524463252495138,0.031454709900458025,0.020157595390824696,True
fiscal,with_agriculture,2013,TON,0.08837940857239346,-0.05131598095664523,0.1058323847975802,False
fiscal,with_agriculture,2013,VNM,0.0808350276046852,0.014387027374043411,0.04409227481035361,True
fiscal,with_agriculture,2013,VUT,-0.028281539742035733,0.01695468326768405,0.030652373622339166,True
fiscal,with_agriculture,2013,WSM,0.029048178497198762,0.12339326074894286,0.05788191539594695,True
fiscal,baseline,2013,AUS,0.04208618637515471,0.029005429141602656,0.008482752978638684,True
fiscal,baseline,2013,FJI,0.06566079534101732,0.06187439360323854,0.021580998012672943,True
fiscal,baseline,2013,IDN,0.0315151201848245,0.07090430092879418,0.028125755253899105,True
fiscal,baseline,2013,MYS,0.001572816120610554,0.05840184151453739,0.03385740786898973,True
fiscal,baseline,2013,PHL,0.07715687492743584,0.07363433882967568,0.009294120480831792,True
fiscal,baseline,2013,PNG,0.01432286171031194,-0.00533395880641184,0.01883422923631681,True
fiscal,baseline,2013,SLB,0.33931974952914246,0.1716493266716792,0.10680096772615753,True
fiscal,baseline,2013,THA,0.06524463252495138,0.034161619246834724,0.01850276179114558,True
fiscal,baseline,2013,TON,0.08837940857239346,-0.014000913693878736,0.06753380799000136,True
fiscal,baseline,2013,VNM,0.0808350276046852,0.012149750183412515,0.04621970314989415,True
fiscal,baseline,2013,VUT,-0.028281539742035733,0.023071109068276488,0.033491692392391484,True
fiscal,baseline,2013,WSM,0.029048178497198762,0.10084103879533449,0.04272537175530722,True
fiscal,with_agriculture,2014,AUS,0.03401768577375819,0.02216967774826991,0.007928969572624595,True
fiscal,with_agriculture,2014,FJI,0.0878343393832921,0.0778533829690917,0.020599853206801456,True
fiscal,with_agriculture,2014,IDN,0.030650976796476215,0.07566391840866515,0.02985776445970079,True
fiscal,with_agriculture,2014,MYS,0.017455841317794096,0.08634292944953262,0.041299929389403016,True
fiscal,with_agriculture,2014,PHL,0.08714145410097274,0.05950920949398033,0.016442118721320172,True
fiscal,with_agriculture,2014,PNG,0.12920393554793108,0.1704252927600251,0.025152148698386046,True
fiscal,with_agriculture,2014,SLB,-0.06580309413596552,-0.009230023352279529,0.03870457024655133,True
fiscal,with_agriculture,2014,THA,-0.02444784910806419,0.011347414655474519,0.021480434666653545,True
fiscal,with_agriculture,2014,TON,0.15719203010837646,0.03674386762892869,0.08449302578057444,False
fiscal,with_agriculture,2014,VNM,0.020574965301417336,0.03749258040515804,0.013110781685833461,True
fiscal,with_agriculture,2014,VUT,0.12045622195231331,-0.06239788341686797,0.13201886573714325,False
fiscal,with_agriculture,2014,WSM,0.11395253524629823,0.023623700072079826,0.05490306904349434,True
fiscal,baseline,2014,AUS,0.03401768577375819,0.021684534661627307,0.008101811300792848,True
fiscal,baseline,2014,FJI,0.0878343393832921,0.0537546915727896,0.02607351752793967,True
fiscal,baseline,2014,IDN,0.030650976796476215,0.0745032781347355,0.02943024118487298,True
fiscal,baseline,2014,MYS,0.017455841317794096,0.08595253642660147,0.0410411709849459,True
fiscal,baseline,2014,PHL,0.08714145410097274,0.06821313538284116,0.012599624078918934,True
fiscal,baseline,2014,PNG,0.12920393554793108,0.17639722366078597,0.02836959225898092,True
fiscal,baseline,2014,SLB,-0.06580309413596552,-0.01445750480729293,0.03792139560073728,True
fiscal,baseline,2014,THA,-0.02444784910806419,0.014565989366031231,0.023566271819670102,True
fiscal,baseline,2014,TON,0.15719203010837646,0.037581008883733336,0.0821005067265003,False
fiscal,baseline,2014,VNM,0.020574965301417336,0.03838088904594844,0.013301302861176563,True
fiscal,baseline,2014,VUT,0.12045622195231331,0.01460375400185657,0.06468933285189213,True
fiscal,baseline,2014,WSM,0.11395253524629823,0.0025765188531506056,0.07032838502626833,True
fiscal,with_agriculture,2015,AUS,0.0405562801576842,0.015351524718426275,0.015320698991461377,True
fiscal,with_agriculture,2015,FJI,0.04521679080547969,0.04564932948176633,0.019651407479589763,True
fiscal,with_agriculture,2015,IDN,-0.059491878591352076,0.06879709244913924,0.08411754551878121,True
fiscal,with_agriculture,2015,MYS,-0.001623047028846969,0.06528348675963791,0.04001311088351586,True
fiscal,with_agriculture,2015,PHL,0.04921494467007648,0.06213842841880121,0.009819478332025936,True
fiscal,with_agriculture,2015,PNG,-0.06385094483225373,0.13225320077430147,0.16118210381616088,False
fiscal,with_agriculture,2015,SLB,0.0237276387929235,0.005529534076957492,0.02810779970720347,True
fiscal,with_agriculture,2015,THA,0.07539040474742009,0.028229477446510866,0.029974804390868855,True
fiscal,with_agriculture,2015,TON,-0.07736155497410735,0.06556399542011015,0.10428608452084806,False
fiscal,with_agriculture,2015,VNM,0.14622447262338412,0.04398784281575025,0.07759238756691515,False
fiscal,with_agriculture,2015,VUT,0.35429160240639135,0.12212567215908893,0.17841137396151277,False
fiscal,with_agriculture,2015,WSM,-0.07611850225113415,0.004600124397977336,0.048360328009347385,True
fiscal,baseline,2015,AUS,0.0405562801576842,0.014894823886502269,0.015650300670124594,True
fiscal,baseline,2015,FJI,0.04521679080547969,0.04165912957070435,0.020576595746149832,True
fiscal,baseline,2015,IDN,-0.059491878591352076,0.06884133949625798,0.0841392613277728,True
fiscal,baseline,2015,MYS,-0.001623047028846969,0.06531407882493781,0.04003297618076265,True
fiscal,baseline,2015,PHL,0.04921494467007648,0.07377442698005557,0.014969026773613964,True
fiscal,baseline,2015,PNG,-0.06385094483225373,0.08194816253867149,0.10934940749797345,False
fiscal,baseline,2015,SLB,0.0237276387929235,-0.00013706040927512902,0.030123760142511027,True
fiscal,baseline,2015,THA,0.07539040474742009,0.048711690918001864,0.016049552717218484,True
fiscal,baseline,2015,TON,-0.07736155497410735,0.05059773513820015,0.08855789229834177,False
fiscal,baseline,2015,VNM,0.14622447262338412,0.045692068686663034,0.0761839242914627,False
fiscal,baseline,2015,VUT,0.35429160240639135,0.10172643202559178,0.19826351243705873,False
fiscal,baseline,2015,WSM,-0.07611850225113415,0.006692626931531054,0.04951797305678334,True
fiscal,with_agriculture,2016,AUS,0.03854227626124285,0.031917844576561286,0.006323427965686814,True
fiscal,with_agriculture,2016,FJI,0.010837446260104855,0.08791057391688564,0.04610116435630778,True
fiscal,with_agriculture,2016,IDN,0.013619150434397653,0.07918756191022637,0.039298491804579026,True
fiscal,with_agriculture,2016,MYS,-0.04646491516502138,0.054880300969232076,0.0661567016017892,True
fiscal,with_agriculture,2016,PHL,0.08762835329743979,0.05573913055683746,0.019127491956739604,True
fiscal,with_agriculture,2016,PNG,-0.073056518467709,0.00811850802882564,0.04948911939112716,True
fiscal,with_agriculture,2016,SLB,-0.10503146033242317,0.13729143414822695,0.18094150454672098,False
fiscal,with_agriculture,2016,THA,0.0022737784867814526,0.052371533757376895,0.0323019232420635,True
fiscal,with_agriculture,2016,TON,0.1733725311280736,0.13478151754458725,0.025287304859649824,True
fiscal,with_agriculture,2016,VNM,0.05829240927350554,0.04115719558091001,0.013879646306684779,True
fiscal,with_agriculture,2016,VUT,0.053445328104867684,0.09000643494024238,0.029032822032185386,True
fiscal,with_agriculture,2016,WSM,0.08628728803632058,0.1322022602884489,0.029392763562054162,True
fiscal,baseline,2016,AUS,0.03854227626124285,0.03145568773259421,0.006416568119473381,True
fiscal,baseline,2016,FJI,0.010837446260104855,0.04568857201201453,0.02561964640495198,True
fiscal,baseline,2016,IDN,0.013619150434397653,0.08025013042552182,0.03987222286165678,True
fiscal,baseline,2016,MYS,-0.04646491516502138,0.056925317040942405,0.06788883232861884,True
fiscal,baseline,2016,PHL,0.08762835329743979,0.07979201562335445,0.009343158033633692,True
fiscal,baseline,2016,PNG,-0.073056518467709,0.012242919935541906,0.05244681307792076,True
fiscal,baseline,2016,SLB,-0.10503146033242317,0.14184453370703776,0.1827505493641576,False
fiscal,baseline,2016,THA,0.0022737784867814526,0.05383667920776217,0.0333717440072741,True
fiscal,baseline,2016,TON,0.1733725311280736,0.09991237218762285,0.044010699788356304,True
fiscal,baseline,2016,VNM,0.05829240927350554,0.046634056041314834,0.012551060590162815,True
fiscal,baseline,2016,VUT,0.053445328104867684,0.12363588291570783,0.04261068157011733,True
fiscal,baseline,2016,WSM,0.08628728803632058,0.12515329322191993,0.02729420032562013,True
fiscal,with_agriculture,2017,AUS,0.02828649158455221,0.019451874630922003,0.0068186964588219465,True
fiscal,with_agriculture,2017,FJI,0.03153852548943448,0.04617470559396212,0.02016124710635574,True
fiscal,with_agriculture,2017,IDN,0.03684834844434448,0.04613405268892058,0.0212363378358029,True
fiscal,with_agriculture,2017,MYS,0.025231039783079723,0.05291348386827995,0.02102007508395555,True
fiscal,with_agriculture,2017,PHL,0.09076744105414747,0.07749161254839412,0.009827007504040555,True
fiscal,with_agriculture,2017,PNG,0.020356738051965806,-0.05675798030664886,0.04694426046908262,True
fiscal,with_agriculture,2017,SLB,0.08587452813110019,0.0013674608971906838,0.05103725560347541,True
fiscal,with_agriculture,2017,THA,0.00975263384320968,0.053591028111167935,0.02721621243732464,True
fiscal,with_agriculture,2017,TON,0.1445034892527488,0.03682195642793505,0.07107697096887915,True
fiscal,with_agriculture,2017,VNM,0.09291344266738477,0.055666185674455936,0.022209678880081594,True
fiscal,with_agriculture,2017,VUT,0.07815370664674504,0.13587056543266204,0.036326436958515854,True
fiscal,with_agriculture,2017,WSM,0.08176472822446357,0.01586673408592454,0.03923026721881439,True
fiscal,baseline,2017,AUS,0.02828649158455221,0.01963667014230154,0.0067518096764750965,True
fiscal,baseline,2017,FJI,0.03153852548943448,0.06553882412688118,0.025077892608134467,True
fiscal,baseline,2017,IDN,0.03684834844434448,0.0463168960546537,0.021280140408561632,True
fiscal,baseline,2017,MYS,0.025231039783079723,0.05172098310781749,0.020721090526820498,True
fiscal,baseline,2017,PHL,0.09076744105414747,0.07241956306032299,0.012134699254000209,True
fiscal,baseline,2017,PNG,0.020356738051965806,-0.045555585123159804,0.039283025104452356,True
fiscal,baseline,2017,SLB,0.08587452813110019,0.0031547995581147,0.05056950273437113,True
fiscal,baseline,2017,THA,0.00975263384320968,0.04670821786349819,0.02220413353364578,True
fiscal,baseline,2017,TON,0.1445034892527488,0.02403991370469226,0.08133716043964027,True
fiscal,baseline,2017,VNM,0.09291344266738477,0.055707267551800804,0.02217638901388111,True
fiscal,baseline,2017,VUT,0.07815370664674504,0.13292737904476376,0.035541626389260915,True
fiscal,baseline,2017,WSM,0.08176472822446357,-0.017732072581455496,0.061460303941279895,True
fiscal,with_agriculture,2018,AUS,0.04405000008540583,0.030000439346216684,0.008714023089453252,True
fiscal,with_agriculture,2018,FJI,0.1057049203230207,0.0372572134755962,0.040730184669539066,True
fiscal,with_agriculture,2018,IDN,0.10141353763204819,0.03872517919638854,0.037637266512135864,True
fiscal,with_agriculture,2018,MYS,0.07363908712756029,0.03181643229853896,0.02612243681176149,True
fiscal,with_agriculture,2018,PHL,0.09945393933884006,0.06606682859074456,0.020189625781014818,True
fiscal,with_agriculture,2018,PNG,0.1071713952804565,-0.08147462396468426,0.14758810054834065,False
fiscal,with_agriculture,2018,SLB,-0.021510949094849963,0.07723042704097906,0.05874802666747891,True
fiscal,with_agriculture,2018,THA,0.05368593131048982,0.044895699238923545,0.009527824179657567,True
fiscal,with_agriculture,2018,TON,-0.01892417896223364,0.04334304393539018,0.037044134026768843,True
fiscal,with_agriculture,2018,VNM,0.06653216922871152,0.06393807457466,0.011283891832357097,True
fiscal,with_agriculture,2018,VUT,0.12300971497894508,0.10347941404753272,0.024653924483845284,True
fiscal,with_agriculture,2018,WSM,0.032438180945252526,-0.019442677057402755,0.03178415954141235,True
fiscal,baseline,2018,AUS,0.04405000008540583,0.029901401421784043,0.008750898821219167,True
fiscal,baseline,2018,FJI,0.1057049203230207,0.04316287298943017,0.037344651256621786,True
fiscal,baseline,2018,IDN,0.10141353763204819,0.039274962623821914,0.03735612062381981,True
fiscal,baseline,2018,MYS,0.07363908712756029,0.034586230983631804,0.02495673196325974,True
fiscal,baseline,2018,PHL,0.09945393933884006,0.07148422054494546,0.01667098019460431,True
fiscal,baseline,2018,PNG,0.1071713952804565,-0.08358134181370881,0.14947973017644323,False
fiscal,baseline,2018,SLB,-0.021510949094849963,0.05122679510324739,0.04571672909753133,True
fiscal,baseline,2018,THA,0.05368593131048982,0.039399304537979435,0.01090773587537269,True
fiscal,baseline,2018,TON,-0.01892417896223364,0.0577471387780385,0.04609688763143027,True
fiscal,baseline,2018,VNM,0.06653216922871152,0.06336245470234045,0.011230453802168262,True
fiscal,baseline,2018,VUT,0.12300971497894508,0.10181715854514178,0.02569369353510736,True
fiscal,baseline,2018,WSM,0.032438180945252526,0.004653238696490404,0.023723698290557253,True
fiscal,with_agriculture,2019,AUS,-0.010268369214411877,0.029941236843758292,0.028016014664107365,False
fiscal,with_agriculture,2019,FJI,-0.027872188618850657,-0.03932850033538757,0.019242823220984792,True
fiscal,with_agriculture,2019,IDN,0.004232368397691033,0.026227230048506682,0.02245945881371596,True
fiscal,with_agriculture,2019,MYS,0.11087729647059774,0.029222718268398847,0.05059105474443982,True
fiscal,with_agriculture,2019,PHL,0.09912235963566118,0.07024565501361121,0.01720589574806684,True
fiscal,with_agriculture,2019,PNG,-0.03976232742990149,0.025649758610587287,0.0389910229012548,True
fiscal,with_agriculture,2019,SLB,-0.045777963517824816,0.024436424280038407,0.043825621357654075,True
fiscal,with_agriculture,2019,THA,0.002873296713850948,0.016394277895689327,0.010497976742486974,True
fiscal,with_agriculture,2019,TON,-0.0035072013074923802,0.10888072972118863,0.07498771370921781,True
fiscal,with_agriculture,2019,VNM,0.06873683666131569,0.06453634788533874,0.011138663678672955,True
fiscal,with_agriculture,2019,VUT,0.10594637581425204,0.07142938549297664,0.027525604770163924,True
fiscal,with_agriculture,2019,WSM,0.14559686173389252,0.043611283680585165,0.06449041830026064,True
fiscal,baseline,2019,AUS,-0.010268369214411877,0.029083164061971582,0.02725484269437373,False
fiscal,baseline,2019,FJI,-0.027872188618850657,-0.01830052542855739,0.01956515304980531,True
fiscal,baseline,2019,IDN,0.004232368397691033,0.027600836977263316,0.022764745256444324,True
fiscal,baseline,2019,MYS,0.11087729647059774,0.029670122934060964,0.05022213277295634,True
fiscal,baseline,2019,PHL,0.09912235963566118,0.07324082280935823,0.01552191976510324,True
fiscal,baseline,2019,PNG,-0.03976232742990149,0.024324521542691633,0.038275358084422055,True
fiscal,baseline,2019,SLB,-0.045777963517824816,0.0044195930960527485,0.03672208708720975,True
fiscal,baseline,2019,THA,0.002873296713850948,0.017965730217790896,0.011034895265447603,True
fiscal,baseline,2019,TON,-0.0035072013074923802,0.09889949263897188,0.06540167917315687,True
fiscal,baseline,2019,VNM,0.06873683666131569,0.06611986590367899,0.010967680306761587,True
fiscal,baseline,2019,VUT,0.10594637581425204,0.10164658894815454,0.02356949662930605,True
fiscal,baseline,2019,WSM,0.14559686173389252,0.05980825855454689,0.05177581765254271,True
fiscal,with_agriculture,2020,AUS,0.03420467505575786,-0.023812530963516675,0.0449030400944192,False
fiscal,with_agriculture,2020,FJI,-0.29432367128208625,-0.24146382165292965,0.03199959381641798,True
fiscal,with_agriculture,2020,IDN,-0.1650972838220639,-0.01765652041035269,0.10229175115455674,False
fiscal,with_agriculture,2020,MYS,-0.1246374472194347,-0.04815172290282783,0.04672481204382042,True
fiscal,with_agriculture,2020,PHL,-0.09226780237390031,-0.11467971148508285,0.013518901551525072,True
fiscal,with_agriculture,2020,PNG,-0.13954097555491884,-0.05986613697884694,0.04778001394052765,True
fiscal,with_agriculture,2020,SLB,0.07299432746519585,-0.09097510696429534,0.10692047638930878,True
fiscal,with_agriculture,2020,THA,-0.09019775851932721,-0.1305560164408324,0.02483290549563474,True
fiscal,with_agriculture,2020,TON,0.02009977071980984,0.04510419030581707,0.020946164404615435,True
fiscal,with_agriculture,2020,VNM,-0.02596372594320684,0.0034065383605205724,0.01798107458317141,True
fiscal,with_agriculture,2020,VUT,-0.0744540528762343,0.03431256912371199,0.06703095655533799,True
fiscal,with_agriculture,2020,WSM,0.04519820051087464,-0.026810817895506815,0.04291951012219949,True
fiscal,baseline,2020,AUS,0.03420467505575786,-0.02387684340666732,0.044990059319221655,False
fiscal,baseline,2020,FJI,-0.29432367128208625,-0.18121910436613559,0.07359844766274154,True
fiscal,baseline,2020,IDN,-0.1650972838220639,-0.01728845325669357,0.10258493992890182,False
fiscal,baseline,2020,MYS,-0.1246374472194347,-0.04905878426897761,0.04605047341669499,True
fiscal,baseline,2020,PHL,-0.09226780237390031,-0.14697546356871943,0.03658019171811466,True
fiscal,baseline,2020,PNG,-0.13954097555491884,-0.05259464179799969,0.05271478875701067,True
fiscal,baseline,2020,SLB,0.07299432746519585,-0.13717685693887005,0.14678751224020464,False
fiscal,baseline,2020,THA,-0.09019775851932721,-0.12997528929104935,0.024357658726426593,True
fiscal,baseline,2020,TON,0.02009977071980984,0.07585200147305651,0.033525684679055465,True
fiscal,baseline,2020,VNM,-0.02596372594320684,-0.00022961829306310244,0.016299692780410432,True
fiscal,baseline,2020,VUT,-0.0744540528762343,-0.003297900203313768,0.042687592989150994,True
fiscal,baseline,2020,WSM,0.04519820051087464,-0.02675489572630263,0.04281590232701509,True
fiscal,with_agriculture,2021,AUS,0.011573114454446198,0.06276604669286702,0.03833055840920607,False
fiscal,with_agriculture,2021,FJI,-0.16733484093340678,-0.0636119981528249,0.06669444272374173,True
fiscal,with_agriculture,2021,IDN,0.14132554645784268,-0.04813814322151088,0.1429386365858935,False
fiscal,with_agriculture,2021,MYS,-0.0566713749356893,-0.020654204804456608,0.023447174485584327,True
fiscal,with_agriculture,2021,PHL,0.08422998636433121,0.03707751004769784,0.03109320868535553,True
fiscal,with_agriculture,2021,PNG,0.026539947624616644,-0.10919693415317244,0.09364711652126367,False
fiscal,with_agriculture,2021,SLB,-0.08061513699599487,0.09431453772936427,0.11732840580497027,True
fiscal,with_agriculture,2021,THA,-0.0026022783590455845,0.03315667901143387,0.02159967234551517,True
fiscal,with_agriculture,2021,TON,0.02241319692419097,0.07513327820692596,0.03166038768200216,True
fiscal,with_agriculture,2021,VNM,0.04155321608840978,-0.020754162557621338,0.040333585946604016,True
fiscal,with_agriculture,2021,VUT,0.08120404682366456,-0.04514117133477485,0.08116405279006807,True
fiscal,with_agriculture,2021,WSM,-0.05476740063657459,0.09707396236070967,0.10886961292021534,False
fiscal,baseline,2021,AUS,0.011573114454446198,0.062059060758954544,0.03766193565638699,False
fiscal,baseline,2021,FJI,-0.16733484093340678,-0.04745792307268492,0.07983375521972773,True
fiscal,baseline,2021,IDN,0.14132554645784268,-0.04483621756256132,0.13966121824432243,False
fiscal,baseline,2021,MYS,-0.0566713749356893,-0.017050423431608973,0.02496808688908134,True
fiscal,baseline,2021,PHL,0.08422998636433121,0.08515459682627916,0.008252696781238841,True
fiscal,baseline,2021,PNG,0.026539947624616644,-0.10269621396676967,0.08760039391996692,True
fiscal,baseline,2021,SLB,-0.08061513699599487,0.11792689480430782,0.1373261606698588,False
fiscal,baseline,2021,THA,-0.0026022783590455845,0.029963757498318786,0.01944681739917188,True
fiscal,baseline,2021,TON,0.02241319692419097,0.01718372487894771,0.01808866293707715,True
fiscal,baseline,2021,VNM,0.04155321608840978,-0.024590647876827375,0.043676533642752924,True
fiscal,baseline,2021,VUT,0.08120404682366456,-0.012295833800677565,0.05608130709142652,True
fiscal,baseline,2021,WSM,-0.05476740063657459,0.08978240998941657,0.10059508492091102,False
fiscal,with_agriculture,2022,AUS,0.039311052742544206,0.03348659041309642,0.00617710868446076,True
fiscal,with_agriculture,2022,FJI,0.1680709949907886,0.2324043740875241,0.03827490530403853,True
fiscal,with_agriculture,2022,IDN,0.13768126104563905,0.009356948398886525,0.08500228435065492,True
fiscal,with_agriculture,2022,MYS,0.17300257131668317,0.085720940299116,0.0553583418692518,True
fiscal,with_agriculture,2022,PHL,0.04595116859413295,0.08761849639707533,0.026604502136218896,True
fiscal,with_agriculture,2022,PNG,0.1509367013139702,0.024164865666880198,0.08514318627739181,True
fiscal,with_agriculture,2022,SLB,0.1254770884123495,0.03611140277016867,0.053230219605484096,True
fiscal,with_agriculture,2022,THA,0.02596414866071939,0.02036571429829493,0.008527178210941785,True
fiscal,with_agriculture,2022,TON,-0.07883286999801697,0.06223979713582102,0.10163011644701286,False
fiscal,with_agriculture,2022,VNM,0.0912392293346862,0.08003655780066016,0.011619051110271174,True
fiscal,with_agriculture,2022,VUT,-0.16725375838414536,0.14183020214948203,0.2563231885597226,False
fiscal,with_agriculture,2022,WSM,0.03070526163174847,0.10674878389051914,0.04550363746210723,True
fiscal,baseline,2022,AUS,0.039311052742544206,0.035142067598382946,0.005905415858265618,True
fiscal,baseline,2022,FJI,0.1680709949907886,0.21222389104408204,0.0279843800500092,True
fiscal,baseline,2022,IDN,0.13768126104563905,0.012565976263624538,0.0822355121561469,True
fiscal,baseline,2022,MYS,0.17300257131668317,0.08882484324886822,0.05285851464313697,True
fiscal,baseline,2022,PHL,0.04595116859413295,0.09512873151455778,0.03202586593328803,True
fiscal,baseline,2022,PNG,0.1509367013139702,0.024045081147864304,0.08521996193128878,True
fiscal,baseline,2022,SLB,0.1254770884123495,-0.04940014883419783,0.11542650016941473,True
fiscal,baseline,2022,THA,0.02596414866071939,0.018055482983782144,0.008937257796761125,True
fiscal,baseline,2022,TON,-0.07883286999801697,0.05648263766878214,0.09513553208600285,False
fiscal,baseline,2022,VNM,0.0912392293346862,0.07936826347561732,0.011709009109777317,True
fiscal,baseline,2022,VUT,-0.16725375838414536,0.15779078200329522,0.2708971887642136,False
fiscal,baseline,2022,WSM,0.03070526163174847,0.12286490090232208,0.056389498138810105,True
fiscal,with_agriculture,2023,AUS,0.06160579155936574,0.035915396698637525,0.015673172029833798,True
fiscal,with_agriculture,2023,FJI,0.1534102498653489,0.06321135112445733,0.056171464002547654,True
fiscal,with_agriculture,2023,IDN,0.0522520056598097,0.03333475766838309,0.021959730196910356,True
fiscal,with_agriculture,2023,MYS,0.07402472018647899,0.03437103496257148,0.024874907260816877,True
fiscal,with_agriculture,2023,PHL,0.04765392546416081,0.054672879935474206,0.008062418063689614,True
fiscal,with_agriculture,2023,PNG,0.11073002442833513,0.022423892194784384,0.053690343211292416,True
fiscal,with_agriculture,2023,SLB,0.008939296907570338,0.0753046951849991,0.041410055922818864,True
fiscal,with_agriculture,2023,THA,0.060028913738811696,0.015949496894390684,0.027945058723938848,True
fiscal,with_agriculture,2023,TON,0.15312120382699135,0.043998000219150686,0.0715059368925857,True
fiscal,with_agriculture,2023,VNM,-0.05192769262215435,0.029573104555775272,0.0576969713686265,False
fiscal,with_agriculture,2023,VUT,0.2156075984543797,0.10962678632081581,0.06384599556876527,True
fiscal,with_agriculture,2023,WSM,0.005576573330937862,0.12356220172291314,0.07763645992458713,True
fiscal,baseline,2023,AUS,0.06160579155936574,0.03643180194803643,0.01530832301850516,True
fiscal,baseline,2023,FJI,0.1534102498653489,0.057298736106649636,0.06045189819271266,True
fiscal,baseline,2023,IDN,0.0522520056598097,0.03270797017422967,0.022071651737498296,True
fiscal,baseline,2023,MYS,0.07402472018647899,0.03508918166565775,0.02457136752874599,True
fiscal,baseline,2023,PHL,0.04765392546416081,0.05930929648640852,0.009755037388101656,True
fiscal,baseline,2023,PNG,0.11073002442833513,0.02325342403397246,0.05309754409095296,True
fiscal,baseline,2023,SLB,0.008939296907570338,0.06583335112640096,0.03883515540291016,True
fiscal,baseline,2023,THA,0.060028913738811696,0.01397993166860887,0.029475960261400883,True
fiscal,baseline,2023,TON,0.15312120382699135,0.07298605354375604,0.048506412785594775,True
fiscal,baseline,2023,VNM,-0.05192769262215435,0.02640173137108445,0.05480640182312998,False
fiscal,baseline,2023,VUT,0.2156075984543797,0.11352847490788792,0.06101012960467804,True
fiscal,baseline,2023,WSM,0.005576573330937862,0.12180525875673448,0.07517344493135614,True
fiscal,with_agriculture,2024,AUS,0.021671639833375167,0.019580617985574682,0.0056170992938083504,True
fiscal,with_agriculture,2024,FJI,0.2067862261997533,0.027080181442300056,0.1374938910012873,False
fiscal,with_agriculture,2024,IDN,0.021223965921443266,0.06483710694270621,0.02868821610485403,True
fiscal,with_agriculture,2024,MYS,0.034815400509547345,0.06515656463051198,0.0210901063481181,True
fiscal,with_agriculture,2024,PHL,0.10011309137557944,0.050868931088858683,0.03311491725806393,True
fiscal,with_agriculture,2024,PNG,0.017831028104719593,0.046737177592680965,0.02323355822777704,True
fiscal,with_agriculture,2024,SLB,-0.03656865939264975,0.027772209996368265,0.04027626407234917,True
fiscal,with_agriculture,2024,THA,0.05275225987825394,0.036112321445184475,0.011228276993055527,True
fiscal,with_agriculture,2024,TON,0.042116401629915146,0.11329694397227452,0.04256183210900873,True
fiscal,with_agriculture,2024,VNM,0.09798687195888789,0.06508204520329836,0.01968392325061218,True
fiscal,with_agriculture,2024,VUT,-0.18195566510127037,0.08180402810824922,0.20474821365995738,False
fiscal,with_agriculture,2024,WSM,0.16948641611159232,0.08281979249921326,0.05278222765514396,True
fiscal,baseline,2024,AUS,0.021671639833375167,0.01882341472550549,0.0056656567360836565,True
fiscal,baseline,2024,FJI,0.2067862261997533,0.03232911569760999,0.13135960986836218,False
fiscal,baseline,2024,IDN,0.021223965921443266,0.06322781883042752,0.02807663607848154,True
fiscal,baseline,2024,MYS,0.034815400509547345,0.06515373781870756,0.02110073167798216,True
fiscal,baseline,2024,PHL,0.10011309137557944,0.06294470477873185,0.02263395078961295,True
fiscal,baseline,2024,PNG,0.017831028104719593,0.047127738007558734,0.023338078131592402,True
fiscal,baseline,2024,SLB,-0.03656865939264975,0.041248824601456686,0.04741430509058386,True
fiscal,baseline,2024,THA,0.05275225987825394,0.03478351004000946,0.011788849726854312,True
fiscal,baseline,2024,TON,0.042116401629915146,0.06033362471056897,0.01973196555220357,True
fiscal,baseline,2024,VNM,0.09798687195888789,0.06245241171518236,0.021149117325349125,True
fiscal,baseline,2024,VUT,-0.18195566510127037,0.09710791839245282,0.21794550078481512,False
fiscal,baseline,2024,WSM,0.16948641611159232,0.06833978268298588,0.06305553058990135,True
